feature_id,gene_symbol,s3_logFC,base_logFC,base_p_value,base_adj_p_value,adjusted_logFC,adjusted_p_value,adjusted_adj_p_value,dataset_accession,base_direction_concordant,adjusted_direction_concordant,base_nominal_concordant,adjusted_nominal_concordant,same_direction_after_adjustment,abs_logfc_change,adjusted_to_base_abs_ratio
51258,MRPL51,-0.554343558406056,-0.280617031721112,4.16316171728443e-13,8.57611313760592e-12,-0.24392418686243,1.96105701107221e-11,4.03977744280876e-10,GSE63061,TRUE,TRUE,TRUE,TRUE,TRUE,0.0366928448586822,0.869242274306611
6166,RPL36AL,-0.686679509222695,-0.435056252890119,1.34349658743424e-14,1.38380148505727e-12,-0.380729059672778,6.25459434942641e-13,3.42693903385821e-11,GSE63061,TRUE,TRUE,TRUE,TRUE,TRUE,0.0543271932173408,0.875126048973115
1069,CETN2,-0.335911876636125,-0.183082986777026,5.91573575622567e-14,2.03106927630415e-12,-0.173883341099648,9.98137582677149e-13,3.42693903385821e-11,GSE63061,TRUE,TRUE,TRUE,TRUE,TRUE,0.00919964567737769,0.949751498818501
4725,NDUFS5,-0.893634242601138,-0.411196078614957,2.04921356496389e-13,5.27672492978201e-12,-0.350784315708128,9.35682916148756e-12,2.40938350908305e-10,GSE63061,TRUE,TRUE,TRUE,TRUE,TRUE,0.0604117629068293,0.853082833108925
6230,RPS25,-0.648386927571901,-0.445345827519363,4.24868904186109e-14,2.03106927630415e-12,-0.36708051157685,8.96446068673925e-13,3.42693903385821e-11,GSE63061,TRUE,TRUE,TRUE,TRUE,TRUE,0.0782653159425125,0.824259460611855
10063,COX17,-0.51447204263436,-0.246642913751079,3.52381287242247e-12,6.04921209765857e-11,-0.217297113135085,1.62523000967554e-10,2.78997818327634e-09,GSE63061,TRUE,TRUE,TRUE,TRUE,TRUE,0.0293458006159944,0.88101908070381
6233,RPS27A,-0.471002989560041,-0.394363773360928,9.27770138954337e-11,1.06178138124774e-09,-0.30779992489133,1.50429260566899e-09,1.72157931537673e-08,GSE63061,TRUE,TRUE,TRUE,TRUE,TRUE,0.0865638484695973,0.780497463720197
7388,UQCRH,-0.745024242769376,-0.398342635833794,9.65907485262219e-12,1.42126387117155e-10,-0.334467652251749,5.75088474031371e-10,8.46201611789017e-09,GSE63061,TRUE,TRUE,TRUE,TRUE,TRUE,0.0638749835820445,0.839648137467524
84154,RPF2,-0.36828805464016,-0.165632206338844,3.08839622530864e-08,1.98815507004244e-07,-0.131075774772175,1.31275020211437e-06,6.43872718179903e-06,GSE63061,TRUE,TRUE,TRUE,TRUE,TRUE,0.0345564315666691,0.791366471953076
404672,GTF2H5,-0.427252626934122,-0.133352607057604,4.69411034913855e-08,2.34137411698906e-07,-0.123801778118941,1.88310927696072e-07,1.61633546272462e-06,GSE63061,TRUE,TRUE,TRUE,TRUE,TRUE,0.00955082893866319,0.928379135965917
25983,NGDN,-0.355141827613803,-0.166526770415053,5.01346163863115e-07,1.51878396699708e-06,-0.127189039958619,2.07394620581978e-05,5.62148576840625e-05,GSE63061,TRUE,TRUE,TRUE,TRUE,TRUE,0.0393377304564343,0.763775335590858
6161,RPL32,-0.318335752031475,-0.184553594554075,3.94276888939109e-06,8.12210391214564e-06,-0.122990015666521,0.000144088287124093,0.00027483506618114,GSE63061,TRUE,TRUE,TRUE,TRUE,TRUE,0.0615635788875544,0.666418966066163
51650,MRPS33,-0.373374491169618,-0.161922558100348,6.19346647562469e-07,1.75290967560997e-06,-0.126877659791699,2.52805344551927e-05,6.05556988112756e-05,GSE63061,TRUE,TRUE,TRUE,TRUE,TRUE,0.035044898308649,0.783570005811477
23658,LSM5,-0.464085706040577,-0.207438777249905,1.78087624004267e-07,6.93802255851338e-07,-0.157092717807462,8.8484373584382e-06,2.8480907747473e-05,GSE63061,TRUE,TRUE,TRUE,TRUE,TRUE,0.0503460594424428,0.757296778789869
2959,GTF2B,-0.383973101583747,-0.198329440111693,2.45518529767291e-09,2.29894623327554e-08,-0.178854527413325,3.62262043740459e-08,3.39209004593339e-07,GSE63061,TRUE,TRUE,TRUE,TRUE,TRUE,0.0194749126983675,0.901805235332688
54543,TOMM7,-0.95861121478525,-0.541659042346155,1.59183652603131e-08,1.11842451882907e-07,-0.420133129739761,8.91572360518839e-07,5.10177517408002e-06,GSE63061,TRUE,TRUE,TRUE,TRUE,TRUE,0.121525912606393,0.775641311035789
440567,UQCRHL,-0.597470910250404,-0.26564856031692,6.28502021513059e-09,5.39464235132042e-08,-0.217006996462717,3.01664061426492e-07,2.21938559478062e-06,GSE63061,TRUE,TRUE,TRUE,TRUE,TRUE,0.0486415638542029,0.816895059411678
246184,CDC26,-0.258705000776052,-0.114775514679452,4.94838830856868e-06,9.61667916570895e-06,-0.0957512796457553,8.37286968304996e-05,0.00017600113823554,GSE63061,TRUE,TRUE,TRUE,TRUE,TRUE,0.0190242350336971,0.834248314313132
6645,SNTB2,0.271123835158023,0.134662724625634,4.77367538415246e-08,2.34137411698906e-07,0.127725646196336,2.14465835713032e-07,1.69922931372633e-06,GSE63061,TRUE,TRUE,TRUE,TRUE,TRUE,0.0069370784292975,0.948485533405159
10412,NSA2,-0.504034427947287,-0.266337373875276,4.23656193459212e-07,1.32232084625148e-06,-0.192203935653486,1.33991911039169e-05,3.86701665929659e-05,GSE63061,TRUE,TRUE,TRUE,TRUE,TRUE,0.07413343822179,0.721655894014686
6647,SOD1,-0.405801710980362,-0.186624613264732,6.93488321030909e-07,1.83152043759445e-06,-0.124748380018446,1.83612025540895e-05,5.11136179208436e-05,GSE63061,TRUE,TRUE,TRUE,TRUE,TRUE,0.0618762332462861,0.668445484420037
7297,TYK2,0.302225839418144,0.159942086111827,1.27718296129318e-06,2.98976920484541e-06,0.130640132402712,3.10391869901374e-05,7.104525022187e-05,GSE63061,TRUE,TRUE,TRUE,TRUE,TRUE,0.0293019537091147,0.816796476640753
10283,CWC27,-0.206633671885919,-0.10034632856779,2.30469092275682e-05,3.65204869298388e-05,-0.0752689244875135,0.000595289647837091,0.000943305134264929,GSE63061,TRUE,TRUE,TRUE,TRUE,TRUE,0.0250774040802762,0.750091463851266
26354,GNL3,-0.214714866905887,-0.0975316703708829,0.0017749275003613,0.0019243950793391,-0.0605878576454499,0.0320054465995578,0.0347006421026785,GSE63061,TRUE,TRUE,TRUE,TRUE,TRUE,0.0369438127254331,0.621212139759864
4830,NME1,-0.343957726678855,-0.192162229537402,1.81870494252292e-07,6.93802255851338e-07,-0.151951339201252,5.6605925015805e-06,2.08228938450997e-05,GSE63061,TRUE,TRUE,TRUE,TRUE,TRUE,0.0402108903361497,0.790745088496576
79657,RPAP3,-0.234388231089453,-0.0855976370990835,0.000549041087275143,0.000653811546876504,-0.0685921373846535,0.00413519608314734,0.00532406495705221,GSE63061,TRUE,TRUE,TRUE,TRUE,TRUE,0.01700549971443,0.801332136134257
90843,TCEAL8,-0.245906623611272,-0.0986192737428734,5.76092879467568e-05,8.35740374438866e-05,-0.0684868559404955,0.00183512693483996,0.00251350601536426,GSE63061,TRUE,TRUE,TRUE,TRUE,TRUE,0.0301324178023779,0.694457111082149
55299,BRIX1,-0.26274081500909,-0.134023765839252,4.09694450276908e-06,8.27422125069049e-06,-0.0929500953418317,0.000185372664564145,0.00034095329375191,GSE63061,TRUE,TRUE,TRUE,TRUE,TRUE,0.0410736704974207,0.693534424732668
84268,RPAIN,-0.298197488907954,-0.13739609256237,5.83955753345519e-06,1.09358986535615e-05,-0.0979002487372843,0.000224114523204763,0.000404978875264747,GSE63061,TRUE,TRUE,TRUE,TRUE,TRUE,0.0394958438250853,0.712540268878778
6633,SNRPD2,-0.579685442023776,-0.349408935971163,2.35655297277619e-07,8.36982607572235e-07,-0.255410066740177,8.18019777680504e-06,2.8480907747473e-05,GSE63061,TRUE,TRUE,TRUE,TRUE,TRUE,0.0939988692309866,0.730977489257046
6154,RPL26,-0.979339958887419,-0.567461491629947,8.94230308685096e-07,2.24648101937963e-06,-0.446876696420627,3.61051430035497e-05,7.74756193617837e-05,GSE63061,TRUE,TRUE,TRUE,TRUE,TRUE,0.12058479520932,0.787501360025403
3945,LDHB,-0.497360243768656,-0.273964615855429,3.96156612341444e-08,2.32402104066631e-07,-0.193546750501559,1.10976713646407e-06,6.0161060555684e-06,GSE63061,TRUE,TRUE,TRUE,TRUE,TRUE,0.08041786535387,0.706466234324558
915,CD3D,-0.576618970424699,-0.289214422933055,8.37521287025692e-06,1.51341565901134e-05,-0.174769407647957,0.000268577904348691,0.000461058735798586,GSE63061,TRUE,TRUE,TRUE,TRUE,TRUE,0.114445015285098,0.604290083030925
1933,EEF1B2,-0.658471254216218,-0.374500677426494,1.55651353858991e-07,6.41283577899044e-07,-0.271869330806694,5.45712408204085e-06,2.08179177944521e-05,GSE63061,TRUE,TRUE,TRUE,TRUE,TRUE,0.1026313466198,0.725951506082537
84707,BEX2,-0.283036631532104,-0.099302480456085,0.000204989394715416,0.00027069112379087,-0.0658761597389986,0.00526582593890879,0.00645690561556674,GSE63061,TRUE,TRUE,TRUE,TRUE,TRUE,0.0334263207170865,0.66338886437113
746,TMEM258,-0.244875060483421,-0.130074806772732,6.93645977883949e-06,1.27581313789369e-05,-0.0992344037336561,8.71066847103539e-05,0.000179439770503329,GSE63061,TRUE,TRUE,TRUE,TRUE,TRUE,0.0308404030390757,0.76290256503736
6135,RPL11,-0.464055249209586,-0.343132775412275,1.62877357111029e-08,1.11842451882907e-07,-0.269583963488138,8.15767213491574e-07,4.94258958762542e-06,GSE63061,TRUE,TRUE,TRUE,TRUE,TRUE,0.0735488119241372,0.785654949936601
3646,EIF3E,-0.572893727908792,-0.383823696622031,1.09090487328063e-08,8.64332322676189e-08,-0.294494113285743,3.72562144844068e-07,2.5582600612626e-06,GSE63061,TRUE,TRUE,TRUE,TRUE,TRUE,0.0893295833362883,0.767264022199611
5689,PSMB1,-0.354941265628633,-0.180314124156601,1.09606065393906e-05,1.88157078926205e-05,-0.147988415537526,0.000171501189246779,0.000321174954407605,GSE63061,TRUE,TRUE,TRUE,TRUE,TRUE,0.0323257086190747,0.820725587802538
4026,LPP,0.232241064720384,0.163203628408809,1.56718635952482e-09,1.61420195031056e-08,0.149685810386424,2.18022838543176e-08,2.24563523699471e-07,GSE63061,TRUE,TRUE,TRUE,TRUE,TRUE,0.0135178180223858,0.917172074210722
6144,RPL21,-0.704005716418618,-0.452511110738329,2.31036411060282e-07,8.36982607572235e-07,-0.367392008397466,8.63205151159093e-06,2.8480907747473e-05,GSE63061,TRUE,TRUE,TRUE,TRUE,TRUE,0.0851191023408629,0.81189610526473
84365,NIFK,-0.261530988199056,-0.133811210984037,5.42994658930169e-05,7.98977855282963e-05,-0.0914645599720714,0.00159383100598457,0.00224883004953987,GSE63061,TRUE,TRUE,TRUE,TRUE,TRUE,0.0423466510119654,0.683534356347637
6129,RPL7,-0.338985657072579,-0.361867873206214,1.22946569597362e-06,2.94499922523915e-06,-0.296140605631575,3.47820631885459e-05,7.62245214557496e-05,GSE63061,TRUE,TRUE,TRUE,TRUE,TRUE,0.0657272675746388,0.818366667943513
1163,CKS1B,-0.226652117623215,-0.107685859169199,4.61060695778514e-06,9.13254839715133e-06,-0.0850298938623893,0.000111746206608004,0.000217167156238196,GSE63061,TRUE,TRUE,TRUE,TRUE,TRUE,0.0226559653068093,0.789610581355796
4190,MDH1,-0.385872523629812,-0.201169574735367,2.66136795286634e-06,5.87284414482298e-06,-0.143995108106373,8.9143980910618e-05,0.000180035883015562,GSE63061,TRUE,TRUE,TRUE,TRUE,TRUE,0.0571744666289943,0.715789692829019
5204,PFDN5,-0.642823154770431,-0.376221237205707,1.52229296936985e-07,6.41283577899044e-07,-0.317594071904044,4.03994129555602e-06,1.73380813934279e-05,GSE63061,TRUE,TRUE,TRUE,TRUE,TRUE,0.0586271653016632,0.844168378858402
10436,EMG1,-0.243447527197867,-0.111334109741026,3.98842419687502e-05,6.0412895923254e-05,-0.0797378946996766,0.00115012127383521,0.00166848579162009,GSE63061,TRUE,TRUE,TRUE,TRUE,TRUE,0.0315962150413497,0.7162036404221
6152,RPL24,-0.434898466380868,-0.266539560232766,3.69144934372674e-07,1.18818525751204e-06,-0.185734427158744,1.07836320267284e-05,3.36580029925158e-05,GSE63061,TRUE,TRUE,TRUE,TRUE,TRUE,0.0808051330740217,0.696836248234763
9349,RPL23,-0.636742428565442,-0.46330437802824,2.69944116207512e-06,5.87284414482298e-06,-0.360732666180408,9.71423963412546e-05,0.000192416669675947,GSE63061,TRUE,TRUE,TRUE,TRUE,TRUE,0.102571711847832,0.778608369115002
80305,TRABD,0.206431140771901,0.0691239905096546,0.0188493264240015,0.0192684720693794,0.0594436638907891,0.0417943912562873,0.0448418989520582,GSE63061,TRUE,TRUE,TRUE,TRUE,TRUE,0.00968032661886548,0.859957063423394
5356,PLRG1,-0.228116716937464,-0.129047854741571,9.83686071230585e-06,1.74689078166811e-05,-0.0907043189192921,0.000371908562343353,0.000608040982878816,GSE63061,TRUE,TRUE,TRUE,TRUE,TRUE,0.0383435358222788,0.702873512317853
10632,ATP5L,-0.432953489130176,-0.256050460033422,4.24016448303706e-08,2.32402104066631e-07,-0.216780652559518,1.19452757972691e-06,6.1518170355936e-06,GSE63061,TRUE,TRUE,TRUE,TRUE,TRUE,0.0392698074739044,0.846632544738336
8883,NAE1,-0.245596514974172,-0.125181593424439,0.00015762581488814,0.0002108501160192,-0.0753447541917524,0.00574628627002826,0.00693987400929102,GSE63061,TRUE,TRUE,TRUE,TRUE,TRUE,0.0498368392326867,0.601883648631069
6232,RPS27,-0.791665716678494,-0.552271554915582,2.47969176829951e-07,8.51360840449499e-07,-0.416796340112577,1.35157863820075e-05,3.86701665929659e-05,GSE63061,TRUE,TRUE,TRUE,TRUE,TRUE,0.135475214803006,0.754694563576222
5791,PTPRE,0.212453951260527,0.161109535809854,1.01070214494286e-05,1.76444611744262e-05,0.129847721882658,2.23455103145108e-05,5.75396890598652e-05,GSE63061,TRUE,TRUE,TRUE,TRUE,TRUE,0.0312618139271964,0.805959257656279
23550,PSD4,0.235516283790337,0.09422029849071,0.000665838626764726,0.000770577287154682,0.0729435671379201,0.00579445791067018,0.00693987400929102,GSE63061,TRUE,TRUE,TRUE,TRUE,TRUE,0.0212767313527898,0.774181023690053
132299,OCIAD2,-0.272302067867086,-0.151734553194213,6.90672985068958e-07,1.83152043759445e-06,-0.0982910884428127,5.15036788935066e-06,2.04033804847353e-05,GSE63061,TRUE,TRUE,TRUE,TRUE,TRUE,0.0534434647514007,0.647783160616056
5917,RARS,-0.203086783638014,-0.082183794037708,3.39902431168991e-05,5.22536573289642e-05,-0.0603784487950132,0.000768128897483195,0.00114662719479375,GSE63061,TRUE,TRUE,TRUE,TRUE,TRUE,0.0218053452426948,0.734675850658708
51188,SS18L2,-0.385992324028182,-0.224853305587979,5.68559840777979e-06,1.08447525185429e-05,-0.156550632518387,0.000245678680633329,0.00042889667974971,GSE63061,TRUE,TRUE,TRUE,TRUE,TRUE,0.068302673069592,0.696234516584115
6224,RPS20,-0.384582445938332,-0.271724314535569,1.50138925508378e-07,6.41283577899044e-07,-0.189607476957134,3.56606936005861e-06,1.5969788873306e-05,GSE63061,TRUE,TRUE,TRUE,TRUE,TRUE,0.0821168375784357,0.697793560658016
170622,COMMD6,-0.803438456238976,-0.388831401074757,7.99639364679327e-05,0.000112825828167083,-0.289318600811803,0.00185462579774451,0.00251350601536426,GSE63061,TRUE,TRUE,TRUE,TRUE,TRUE,0.0995128002629542,0.744072109433822
6125,RPL5,-0.430325384849014,-0.215336935206308,1.18458552254088e-05,2.00020178396247e-05,-0.137678998247919,0.000336803528578214,0.000568701040058296,GSE63061,TRUE,TRUE,TRUE,TRUE,TRUE,0.0776579369583891,0.639365458210933
100008589,RNA28S5,1.04242152836733,0.529037014010368,0.00036406313889894,0.000457298820812084,0.409390431246558,0.00452755665478755,0.00575726340053232,GSE63061,TRUE,TRUE,TRUE,TRUE,TRUE,0.11964658276381,0.773840809631015
6165,RPL35A,-0.35337284526901,-0.22545074969688,8.64969958583339e-07,2.2272976433521e-06,-0.161284384478433,2.20875862582541e-05,5.75396890598652e-05,GSE63061,TRUE,TRUE,TRUE,TRUE,TRUE,0.0641663652184477,0.715386330252973
2629,GBA,0.218699492843149,0.0677453330243604,0.0233880374410629,0.0233880374410629,0.0260748647180839,0.281867835794351,0.284631245949198,GSE63061,TRUE,TRUE,TRUE,FALSE,TRUE,0.0416704683062765,0.384895365540645
23218,NBEAL2,0.269263723774575,0.230011976553607,3.10305645734338e-11,3.99518518882961e-10,0.19440175261893,8.34442431721705e-10,1.0743446308417e-08,GSE63061,TRUE,TRUE,TRUE,TRUE,TRUE,0.0356102239346771,0.845181001145052
6136,RPL12,-0.257195024354915,-0.16339260846417,1.05487003058882e-06,2.58694317025353e-06,-0.122095537760937,1.11858159444521e-05,3.38864424199578e-05,GSE63061,TRUE,TRUE,TRUE,TRUE,TRUE,0.0412970707032325,0.747252515940533
114785,MBD6,0.285615920011688,0.207016897097586,6.28392936712864e-07,1.75290967560997e-06,0.16540589309853,8.83911468969503e-06,2.8480907747473e-05,GSE63061,TRUE,TRUE,TRUE,TRUE,TRUE,0.0416110039990558,0.798997064575648
9978,RBX1,-0.397755788455287,-0.228800008563924,1.75312952779044e-05,2.83952838998412e-05,-0.191893670573787,0.000237778592055666,0.000422261982443684,GSE63061,TRUE,TRUE,TRUE,TRUE,TRUE,0.0369063379901371,0.838696081255496
56942,CMC2,-0.277249530188643,-0.132614005835459,0.000456096362351219,0.000552681474378536,-0.0850424506758788,0.0116936694179698,0.0130918255440314,GSE63061,TRUE,TRUE,TRUE,TRUE,TRUE,0.0475715551595803,0.641278047066878
6916,TBXAS1,0.218255958612878,0.111293649828083,0.00141264958465243,0.00155868893260862,0.0527606535876419,0.0472367314467989,0.0501585911239205,GSE63061,TRUE,TRUE,TRUE,TRUE,TRUE,0.058532996240441,0.474067061949556
6124,RPL4,-0.310680544495576,-0.264680770164188,4.28702910414173e-08,2.32402104066631e-07,-0.189474958369751,4.45144619618841e-07,2.86561848879629e-06,GSE63061,TRUE,TRUE,TRUE,TRUE,TRUE,0.0752058117944373,0.71586219978208
3101,HK3,0.245696241059703,0.156834882806725,1.76436715494159e-05,2.83952838998412e-05,0.102792855059486,0.000387455749178773,0.000623561596334588,GSE63061,TRUE,TRUE,TRUE,TRUE,TRUE,0.0540420277472386,0.655420868239898
11224,RPL35,-0.362873555539964,-0.2644140272687,1.47033879782196e-05,2.44265961573648e-05,-0.175420745987592,0.000357163821710968,0.000593352800584349,GSE63061,TRUE,TRUE,TRUE,TRUE,TRUE,0.088993281281108,0.663432072041048
6191,RPS4X,-0.272774250806574,-0.200355563589778,2.73685940729615e-06,5.87284414482298e-06,-0.137019769429285,3.01789580152702e-05,7.06461971721099e-05,GSE63061,TRUE,TRUE,TRUE,TRUE,TRUE,0.0633357941604934,0.68388302762497
6156,RPL30,-0.318995890198392,-0.278887775185619,6.29685999976397e-07,1.75290967560997e-06,-0.211921859681527,2.38052824106544e-05,5.98035143487172e-05,GSE63061,TRUE,TRUE,TRUE,TRUE,TRUE,0.0669659155040921,0.759882212622903
9170,LPAR2,0.254910776259708,0.195944091510355,2.01282329430021e-06,4.60712887362047e-06,0.158474806022538,2.45580852996189e-05,6.02257806157321e-05,GSE63061,TRUE,TRUE,TRUE,TRUE,TRUE,0.037469285487817,0.808775629828895
8408,ULK1,0.215253298779339,0.13996957578875,0.000610153619467772,0.000714157077331597,0.0870136122262685,0.00981253598481578,0.0111064967740223,GSE63061,TRUE,TRUE,TRUE,TRUE,TRUE,0.052955963562481,0.621660898348329
6171,RPL41,-0.416655124301412,-0.478578952619731,9.14434572804453e-08,4.28121640903903e-07,-0.380684943840911,4.3802382355944e-06,1.80465815306489e-05,GSE63061,TRUE,TRUE,TRUE,TRUE,TRUE,0.0978940087788205,0.795448570725999
9489,PGS1,0.200538093213489,0.0848681572861767,0.00302252412840028,0.0032429165127628,0.0729079123574179,0.00711985337819864,0.0083334647494825,GSE63061,TRUE,TRUE,TRUE,TRUE,TRUE,0.0119602449287588,0.85907264501539
8673,VAMP8,-0.280404039032461,-0.19219027534501,2.87138237970809e-06,6.0357629614272e-06,-0.159389635736365,3.18938929276175e-05,7.14145863379261e-05,GSE63061,TRUE,TRUE,TRUE,TRUE,TRUE,0.0328006396086445,0.829332469867362
23569,PADI4,0.304402406928217,0.21765476378461,0.000401929866703793,0.000492842574648699,0.125903635122487,0.00600920961102987,0.00711435160846065,GSE63061,TRUE,TRUE,TRUE,TRUE,TRUE,0.0917511286621233,0.578455683364138
6001,RGS10,-0.318907523990737,-0.147969121791275,0.00140793301710899,0.00155868893260862,-0.157844351522248,0.000760869224323193,0.00114662719479375,GSE63061,TRUE,TRUE,TRUE,TRUE,TRUE,0.00987522973097266,1.06673844928878
23031,MAST3,0.219402507937115,0.154421766409034,6.43314494179093e-05,9.20297123617314e-05,0.112831364843276,0.000707086720015484,0.00108756414994158,GSE63061,TRUE,TRUE,TRUE,TRUE,TRUE,0.0415904015657575,0.730670082768044
6189,RPS3A,-0.556010713899271,-0.517361419117879,2.62586815473228e-05,4.09794575662765e-05,-0.368215716727042,0.000909313349975693,0.00133798964353566,GSE63061,TRUE,TRUE,TRUE,TRUE,TRUE,0.149145702390838,0.711718545528314
2205,FCER1A,-0.43323392102203,-0.270902993330862,0.000318252748509094,0.000409750413705459,-0.22956869239507,0.00214238053122644,0.00286578174956264,GSE63061,TRUE,TRUE,TRUE,TRUE,TRUE,0.0413343009357923,0.847420287138321
7439,BEST1,0.218912642267077,0.117912443710591,0.000384189916320652,0.000476765799771412,0.0795575574997567,0.00342179215244262,0.00446132394558975,GSE63061,TRUE,TRUE,TRUE,TRUE,TRUE,0.0383548862108346,0.674717230821081
1207,CLNS1A,-0.206595049604391,-0.115925405256051,0.00140673909827643,0.00155868893260862,-0.0693341565314677,0.0244158789424097,0.0267535694794489,GSE63061,TRUE,TRUE,TRUE,TRUE,TRUE,0.0465912487245832,0.598092854437951
6208,RPS14,-0.222957810406957,-0.151866949330703,0.000356597238235304,0.000453450809114029,-0.0834775559170186,0.00792220184499946,0.00916839089926903,GSE63061,TRUE,TRUE,TRUE,TRUE,TRUE,0.0683893934136841,0.549675596203881
5210,PFKFB4,0.20012366174962,0.168898557724156,4.48573032689506e-05,6.69609019811872e-05,0.10914562487711,0.000707444641224132,0.00108756414994158,GSE63061,TRUE,TRUE,TRUE,TRUE,TRUE,0.059752932847046,0.646219993514486
91662,NLRP12,0.2092599340805,0.100973899649527,0.0221002076596087,0.0223168763621539,0.0298327503910332,0.349367406827315,0.349367406827315,GSE63061,TRUE,TRUE,TRUE,FALSE,TRUE,0.0711411492584937,0.295450116263515
2357,FPR1,0.2129706538811,0.171482715260866,0.0014224928122836,0.00155868893260862,0.0971175613768556,0.0146507228888027,0.0162260694359858,GSE63061,TRUE,TRUE,TRUE,TRUE,TRUE,0.0743651538840101,0.56634023568566
168544,ZNF467,0.207465738897329,0.115197849476237,0.0188943269806536,0.0192684720693794,0.0536769372480871,0.197269687957231,0.201176018411829,GSE63061,TRUE,TRUE,TRUE,FALSE,TRUE,0.0615209122281502,0.465954334148915
8837,CFLAR,0.204991377586431,0.218334965069493,2.93429980186257e-07,9.74944772876917e-07,0.174774352270045,3.46372884931463e-06,1.5969788873306e-05,GSE63061,TRUE,TRUE,TRUE,TRUE,TRUE,0.0435606127994481,0.800487233982045
6194,RPS6,-0.256404831251058,-0.166063121772881,0.000306585777782358,0.000399725760906113,-0.0894239939551643,0.00809058009410033,0.00925921944102593,GSE63061,TRUE,TRUE,TRUE,TRUE,TRUE,0.0766391278177166,0.538493995539037
6556,SLC11A1,0.252560271387828,0.223177618095076,0.00011433939568645,0.000157026103409391,0.152069307817729,0.00172067815588178,0.00239499797372735,GSE63061,TRUE,TRUE,TRUE,TRUE,TRUE,0.0711083102773466,0.681382430351713
6155,RPL27,-0.277420766169742,-0.2851657097488,0.000106140241020654,0.0001477357408801,-0.183529956240272,0.00283377653733536,0.00374203824801977,GSE63061,TRUE,TRUE,TRUE,TRUE,TRUE,0.101635753508528,0.643590550918419
6222,RPS18,-0.251143150924868,-0.17743140351307,0.00537444271883071,0.00564864897999554,-0.0840122145063681,0.101087090708163,0.104119703429408,GSE63061,TRUE,TRUE,TRUE,FALSE,TRUE,0.0934191890067016,0.473491235728064
4051,CYP4F3,0.248707763066704,0.159657623247338,0.00982724763375598,0.0102243081442108,0.0869413442943108,0.0958843364505275,0.100776394432697,GSE63061,TRUE,TRUE,TRUE,FALSE,TRUE,0.072716278953027,0.544548656844424
290,ANPEP,0.22651880880428,0.141347383648446,0.00510054629012122,0.00541604399878851,0.0660009524853864,0.0996023202770212,0.10362665644983,GSE63061,TRUE,TRUE,TRUE,FALSE,TRUE,0.0753464311630597,0.466941451491889
11237,RNF24,0.204184592771483,0.170615449486441,0.000848363114514898,0.000970904453278161,0.116223813235895,0.00474438588954776,0.00595941154418804,GSE63061,TRUE,TRUE,TRUE,TRUE,TRUE,0.0543916362505452,0.681203335253248
8291,DYSF,0.236147208114743,0.233910365744283,0.000552248588138407,0.000653811546876504,0.145769627424377,0.0052336522492497,0.00645690561556674,GSE63061,TRUE,TRUE,TRUE,TRUE,TRUE,0.0881407383199057,0.623185838560641
83716,CRISPLD2,0.222239431408083,0.22954351726602,0.000126036883753162,0.000170813145086523,0.155506402461132,0.00129411149261174,0.00185129838526401,GSE63061,TRUE,TRUE,TRUE,TRUE,TRUE,0.0740371148048875,0.677459351992567
51258,MRPL51,-0.554343558406056,-0.200224684239387,0.0412181353932561,0.150677285527201,-0.102693941095436,0.131311943078608,0.441059007645408,GSE85426,TRUE,TRUE,TRUE,FALSE,TRUE,0.0975307431439506,0.512893510036236
6166,RPL36AL,-0.686679509222695,-0.129232981604618,0.274916991165451,0.433056899786212,0.0478284726719721,0.479713073479627,0.771849238333916,GSE85426,TRUE,FALSE,FALSE,FALSE,FALSE,0.17706145427659,0.370094940765981
1069,CETN2,-0.335911876636125,-0.0989803760126543,0.483956391703864,0.597477026794894,-0.142128009571293,0.304625648238069,0.634636767162643,GSE85426,TRUE,TRUE,FALSE,FALSE,TRUE,0.0431476335586387,1.43592109160226
4725,NDUFS5,-0.893634242601138,-0.230364377622535,0.0316867808869029,0.14564302435698,-0.0509295421309908,0.364064460607549,0.674512745801663,GSE85426,TRUE,TRUE,TRUE,FALSE,TRUE,0.179434835491544,0.221082541739338
6230,RPS25,-0.648386927571901,-0.157715509088372,0.238029346215982,0.414719168492827,0.0703868675901556,0.374280511469779,0.674512745801663,GSE85426,TRUE,FALSE,FALSE,FALSE,FALSE,0.228102376678528,0.446290082674849
10063,COX17,-0.51447204263436,-0.126720053302308,0.220356660235718,0.414719168492827,-0.0103147311808817,0.906758233319185,0.971029755446029,GSE85426,TRUE,TRUE,FALSE,FALSE,TRUE,0.116405322121427,0.0813977812672983
6233,RPS27A,-0.471002989560041,-0.0954257733939953,0.348147026764195,0.519622428006261,0.0707046283097714,0.258674849502903,0.587897385233871,GSE85426,TRUE,FALSE,FALSE,FALSE,FALSE,0.166130401703767,0.7409384885763
7388,UQCRH,-0.745024242769376,-0.212063737232789,0.0311626147999863,0.14564302435698,-0.0732701336829451,0.219559124573695,0.562972114291525,GSE85426,TRUE,TRUE,TRUE,FALSE,TRUE,0.138793603549844,0.3455099614816
84154,RPF2,-0.36828805464016,-0.033897466340989,0.762490367006986,0.830813261264464,-0.00762428021657158,0.940766370307337,0.979964969070143,GSE85426,TRUE,TRUE,FALSE,FALSE,TRUE,0.0262731861244174,0.224921831616431
404672,GTF2H5,-0.427252626934122,-0.107055233011346,0.175935201375362,0.35905143137829,0.00530749342171218,0.928043184409635,0.976887562536458,GSE85426,TRUE,FALSE,FALSE,FALSE,FALSE,0.112362726433058,0.0495771507138721
25983,NGDN,-0.355141827613803,-0.204095913052911,0.0467099585134323,0.150677285527201,-0.113772842216095,0.162728928264916,0.478614494896811,GSE85426,TRUE,TRUE,TRUE,FALSE,TRUE,0.0903230708368154,0.55744792002082
6161,RPL32,-0.318335752031475,-0.20066786373191,0.128689806556841,0.306404301325811,0.0340014971361591,0.662124138487881,0.859901478555689,GSE85426,TRUE,FALSE,FALSE,FALSE,FALSE,0.234669360868069,0.169441665963937
51650,MRPS33,-0.373374491169618,-0.131363668822936,0.0904382307137378,0.231892899265994,-0.0194773342621704,0.74641717598314,0.888591876170405,GSE85426,TRUE,TRUE,FALSE,FALSE,TRUE,0.111886334560765,0.14827032798866
23658,LSM5,-0.464085706040577,-0.232442897131071,0.0150450950294621,0.119046529126797,-0.127941860152023,0.107703584776716,0.441059007645408,GSE85426,TRUE,TRUE,TRUE,FALSE,TRUE,0.104501036979048,0.550422756432427
2959,GTF2B,-0.383973101583747,-0.230605627860435,0.0722964155976333,0.211990700275531,-0.155730833951743,0.132317702293622,0.441059007645408,GSE85426,TRUE,TRUE,FALSE,FALSE,TRUE,0.074874793908692,0.67531237375522
54543,TOMM7,-0.95861121478525,-0.236180616516404,0.0743454868431738,0.211990700275531,0.00409630429190029,0.957007125530193,0.986605284051745,GSE85426,TRUE,FALSE,FALSE,FALSE,FALSE,0.240276920808304,0.0173439478324666
246184,CDC26,-0.258705000776052,-0.151551485842614,0.205524423533409,0.402989065751782,-0.144326015888535,0.196775746355788,0.543279015033636,GSE85426,TRUE,TRUE,FALSE,FALSE,TRUE,0.00722546995407902,0.952323331481008
6645,SNTB2,0.271123835158023,0.0810301591318957,0.394166688070308,0.555164349394799,0.0807776184040226,0.391217392564965,0.674512745801663,GSE85426,TRUE,TRUE,FALSE,FALSE,TRUE,0.00025254072787316,0.996883373665081
10412,NSA2,-0.504034427947287,-0.00690686796897081,0.95256027879366,0.962182099791576,0.0645606016576491,0.53373094935048,0.790153351730659,GSE85426,TRUE,FALSE,FALSE,FALSE,FALSE,0.0714674696266199,9.34730502272352
6647,SOD1,-0.405801710980362,-0.279580529868861,0.0154603867964974,0.119046529126797,-0.0700561032061685,0.330104801005732,0.660209602011465,GSE85426,TRUE,TRUE,TRUE,FALSE,TRUE,0.209524426662693,0.250575758043769
7297,TYK2,0.302225839418144,0.300892009686126,0.0350099189831327,0.14564302435698,0.222700586269151,0.0904197589274418,0.410998904215645,GSE85426,TRUE,TRUE,TRUE,FALSE,TRUE,0.078191423416975,0.74013459679923
10283,CWC27,-0.206633671885919,-0.173764047262751,0.201627586403232,0.402989065751782,-0.108890666734525,0.378860184925738,0.674512745801663,GSE85426,TRUE,TRUE,FALSE,FALSE,TRUE,0.0648733805282259,0.62665820950792
26354,GNL3,-0.214714866905887,-0.0180333642143187,0.874641410686409,0.911084802798343,0.0365106571597563,0.717104444712376,0.874517615502898,GSE85426,TRUE,FALSE,FALSE,FALSE,FALSE,0.054544021374075,2.02461707786982
4830,NME1,-0.343957726678855,-0.0690698265617516,0.494653988971443,0.603236571916394,-0.00081050927849402,0.992882690418785,0.992882690418785,GSE85426,TRUE,TRUE,FALSE,FALSE,TRUE,0.0682593172832576,0.0117346360754126
79657,RPAP3,-0.234388231089453,-0.110561898069151,0.345771088094719,0.519622428006261,-0.123306562581412,0.225661716769408,0.56415429192352,GSE85426,TRUE,TRUE,FALSE,FALSE,TRUE,0.012744664512261,1.115271759393
90843,TCEAL8,-0.245906623611272,-0.0975962569550372,0.289694319846554,0.445683568994698,-0.0580204345877269,0.516982760724281,0.790153351730659,GSE85426,TRUE,TRUE,FALSE,FALSE,TRUE,0.0395758223673103,0.594494465238119
55299,BRIX1,-0.26274081500909,-0.0849844055211682,0.439169864705152,0.5725628391055,-0.0399176452614982,0.712349646856626,0.874517615502898,GSE85426,TRUE,TRUE,FALSE,FALSE,TRUE,0.0450667602596701,0.469705530287617
84268,RPAIN,-0.298197488907954,-0.0559465675708677,0.56556030117194,0.673286072823739,-0.0506398584553241,0.590301363470479,0.819863004820109,GSE85426,TRUE,TRUE,FALSE,FALSE,TRUE,0.0053067091155436,0.905146833023821
6633,SNRPD2,-0.579685442023776,-0.329982274670133,0.00628853534718301,0.119046529126797,-0.226407905130984,0.0361231614788378,0.318001241944016,GSE85426,TRUE,TRUE,TRUE,TRUE,TRUE,0.103574369539148,0.686121414725423
6154,RPL26,-0.979339958887419,-0.0230984379492379,0.841356061268269,0.895059639647095,0.133306777304269,0.0768262236225044,0.400098198454875,GSE85426,TRUE,FALSE,FALSE,FALSE,FALSE,0.156405215253507,5.77124641922666
3945,LDHB,-0.497360243768656,-0.293384495251127,0.0326019228239568,0.14564302435698,-0.112782819714947,0.253086245303055,0.587897385233871,GSE85426,TRUE,TRUE,TRUE,FALSE,TRUE,0.180601675536179,0.384419836564333
915,CD3D,-0.576618970424699,-0.266919582731817,0.00755105564698545,0.119046529126797,-0.0510663001725045,0.3824770719233,0.674512745801663,GSE85426,TRUE,TRUE,TRUE,FALSE,TRUE,0.215853282559313,0.191317173696516
1933,EEF1B2,-0.658471254216218,-0.153573846767452,0.249402841070587,0.418700643534058,0.10099343847735,0.144486897162455,0.465359149818291,GSE85426,TRUE,FALSE,FALSE,FALSE,FALSE,0.254567285244802,0.657621337246818
84707,BEX2,-0.283036631532104,-0.177780688683569,0.0882051173003683,0.231892899265994,-0.0966057669791566,0.327173122952286,0.660209602011465,GSE85426,TRUE,TRUE,FALSE,FALSE,TRUE,0.0811749217044124,0.543398541734219
746,TMEM258,-0.244875060483421,-0.230171264071533,0.0102230178521949,0.119046529126797,-0.106864044260047,0.0690781711890756,0.400098198454875,GSE85426,TRUE,TRUE,TRUE,FALSE,TRUE,0.123307219811486,0.464280563827618
6135,RPL11,-0.464055249209586,-0.206865894852492,0.157607650087835,0.34296639551763,-0.0251060916875321,0.7872949350362,0.906835161946941,GSE85426,TRUE,TRUE,FALSE,FALSE,TRUE,0.18175980316496,0.121364092932933
3646,EIF3E,-0.572893727908792,-0.0887937916328525,0.593602548630501,0.698355939565295,-0.00358736222635202,0.97837562412487,0.992882690418785,GSE85426,TRUE,TRUE,FALSE,FALSE,TRUE,0.0852064294065005,0.0404010478703868
5689,PSMB1,-0.354941265628633,-0.216114799237361,0.050574821604551,0.158046317514222,-0.077367441213893,0.114425253851653,0.441059007645408,GSE85426,TRUE,TRUE,FALSE,FALSE,TRUE,0.138747358023468,0.357992333180845
6144,RPL21,-0.704005716418618,-0.041484101612231,0.674006582516085,0.757310766872005,0.102139904653319,0.125244041929879,0.441059007645408,GSE85426,TRUE,FALSE,FALSE,FALSE,FALSE,0.14362400626555,2.46214575424731
84365,NIFK,-0.261530988199056,-0.306929236862495,0.076316652099191,0.211990700275531,-0.280067390925792,0.0800196396909749,0.400098198454875,GSE85426,TRUE,TRUE,FALSE,FALSE,TRUE,0.0268618459367027,0.912481957693926
6129,RPL7,-0.338985657072579,-0.0978084231492043,0.452324642893345,0.5725628391055,0.0530268169111554,0.553107346211461,0.790153351730659,GSE85426,TRUE,FALSE,FALSE,FALSE,FALSE,0.15083524006036,0.542149798594179
1163,CKS1B,-0.226652117623215,-0.246933692429044,0.00853691822896484,0.119046529126797,-0.178991634224813,0.0343249008162505,0.318001241944016,GSE85426,TRUE,TRUE,TRUE,TRUE,TRUE,0.0679420582042303,0.724857075857506
4190,MDH1,-0.385872523629812,-0.00717641242731927,0.940793712561753,0.959993584246687,0.0956461740342195,0.208855716654612,0.549620306985822,GSE85426,TRUE,FALSE,FALSE,FALSE,FALSE,0.102822586461539,13.3278535762677
5204,PFDN5,-0.642823154770431,-0.174323397169585,0.0632274127626813,0.191598220492974,-0.0626077188178096,0.380715839738621,0.674512745801663,GSE85426,TRUE,TRUE,FALSE,FALSE,TRUE,0.111715678351775,0.359146963828979
10436,EMG1,-0.243447527197867,-0.381424308911295,0.0336491026965802,0.14564302435698,-0.378101319377761,0.0352754412349119,0.318001241944016,GSE85426,TRUE,TRUE,TRUE,TRUE,TRUE,0.0033229895335336,0.991287945063023
6152,RPL24,-0.434898466380868,-0.032898420269855,0.764348200363307,0.830813261264464,0.133170024135133,0.0792410734784845,0.400098198454875,GSE85426,TRUE,FALSE,FALSE,FALSE,FALSE,0.166068444404988,4.04791546350199
9349,RPL23,-0.636742428565442,-0.112499720477285,0.427525056254623,0.5725628391055,0.136104823726995,0.13024511173606,0.441059007645408,GSE85426,TRUE,FALSE,FALSE,FALSE,FALSE,0.24860454420428,1.20982366133502
80305,TRABD,0.206431140771901,0.254482033971559,0.0458690435278896,0.150677285527201,0.276337478164154,0.032085649010031,0.318001241944016,GSE85426,TRUE,TRUE,TRUE,TRUE,TRUE,0.0218554441925956,1.08588207132547
5356,PLRG1,-0.228116716937464,-0.180613167633426,0.226492454103513,0.414719168492827,-0.157672968112331,0.251427449529972,0.587897385233871,GSE85426,TRUE,TRUE,FALSE,FALSE,TRUE,0.0229401995210951,0.872987114828445
10632,ATP5L,-0.432953489130176,-0.157937410051507,0.163713675116145,0.345754367123881,-0.0174759300032285,0.788946590893839,0.906835161946941,GSE85426,TRUE,TRUE,FALSE,FALSE,TRUE,0.140461480048278,0.110650985080287
8883,NAE1,-0.245596514974172,-0.0752236717007835,0.501938975998115,0.604745754214596,0.0459702345616763,0.60444929627069,0.828012734617383,GSE85426,TRUE,FALSE,FALSE,FALSE,FALSE,0.12119390626246,0.611113942224618
6232,RPS27,-0.791665716678494,-0.30840953000476,0.0466831728242334,0.150677285527201,-0.0393591551289427,0.643686257185352,0.858248342913803,GSE85426,TRUE,TRUE,TRUE,FALSE,TRUE,0.269050374875817,0.127619775978827
5791,PTPRE,0.212453951260527,0.0107546984535081,0.936520969990734,0.959993584246687,-0.0132394281989937,0.892583926558141,0.970199920171892,GSE85426,TRUE,FALSE,FALSE,FALSE,FALSE,0.0239941266525018,1.23103667259728
23550,PSD4,0.235516283790337,0.284398762744272,0.0136672337545885,0.119046529126797,0.275598954206334,0.0122050207429014,0.305125518572536,GSE85426,TRUE,TRUE,TRUE,TRUE,TRUE,0.00879980853793849,0.969058203864792
132299,OCIAD2,-0.272302067867086,-0.237445467810866,0.0154760487864837,0.119046529126797,-0.056323224474215,0.385796491532895,0.674512745801663,GSE85426,TRUE,TRUE,TRUE,FALSE,TRUE,0.181122243336651,0.237204883266411
5917,RARS,-0.203086783638014,-0.136094772545444,0.255407392555776,0.418700643534058,-0.0287260480540351,0.716745944457284,0.874517615502898,GSE85426,TRUE,TRUE,FALSE,FALSE,TRUE,0.107368724491409,0.211073853291779
51188,SS18L2,-0.385992324028182,-0.225355964277727,0.030775095469053,0.14564302435698,-0.105477359564328,0.156106146257033,0.473048928051614,GSE85426,TRUE,TRUE,TRUE,FALSE,TRUE,0.119878604713399,0.468047783436245
6224,RPS20,-0.384582445938332,-0.167081155112838,0.228557034108315,0.414719168492827,0.0809147371650461,0.301487246586579,0.634636767162643,GSE85426,TRUE,FALSE,FALSE,FALSE,FALSE,0.247995892277885,0.484284042149459
170622,COMMD6,-0.803438456238976,-0.241772341360007,0.0291800633328254,0.14564302435698,-0.101331572914673,0.201013235562445,0.543279015033636,GSE85426,TRUE,TRUE,TRUE,FALSE,TRUE,0.140440768445334,0.419119789900973
6125,RPL5,-0.430325384849014,-0.0379315913664355,0.753557490889002,0.830813261264464,0.129400260120866,0.0369418236781977,0.318001241944016,GSE85426,TRUE,FALSE,FALSE,FALSE,FALSE,0.167331851487301,3.41141131862367
100008589,RNA28S5,1.04242152836733,0.725741055718243,0.00240835487063473,0.119046529126797,0.767934420969187,0.00177702829714015,0.0888514148570073,GSE85426,TRUE,TRUE,TRUE,TRUE,TRUE,0.0421933652509439,1.05813831933373
6165,RPL35A,-0.35337284526901,-0.115637011232575,0.451228135590535,0.5725628391055,0.120214013590239,0.27861329934598,0.605681085534739,GSE85426,TRUE,FALSE,FALSE,FALSE,FALSE,0.235851024822814,1.0395807735679
2629,GBA,0.218699492843149,0.0533326861476546,0.605005487384463,0.703494752772632,-0.0257083062429874,0.763508038142766,0.898244750756195,GSE85426,TRUE,FALSE,FALSE,FALSE,FALSE,0.079040992390642,0.482036591440613
23218,NBEAL2,0.269263723774575,0.115747108474119,0.262699319959859,0.423708580580418,0.0615204208039014,0.539237484194031,0.790153351730659,GSE85426,TRUE,TRUE,FALSE,FALSE,TRUE,0.054226687670218,0.531507193699419
6136,RPL12,-0.257195024354915,-0.167624203906974,0.165962096219463,0.345754367123881,0.00808285188196204,0.912767970119267,0.971029755446029,GSE85426,TRUE,FALSE,FALSE,FALSE,FALSE,0.175707055788936,0.0482200761797369
114785,MBD6,0.285615920011688,0.140766715410828,0.15776454193811,0.34296639551763,0.0523320528635876,0.551662558901671,0.790153351730659,GSE85426,TRUE,TRUE,FALSE,FALSE,TRUE,0.0884346625472402,0.37176439551677
9978,RBX1,-0.397755788455287,-0.275887444076396,0.00702192519226724,0.119046529126797,-0.185767537064076,0.0258847482582632,0.318001241944016,GSE85426,TRUE,TRUE,TRUE,TRUE,TRUE,0.0901199070123196,0.673345384332298
56942,CMC2,-0.277249530188643,-0.166328658031539,0.0450390410901985,0.150677285527201,-0.121346065786389,0.0903769820612782,0.410998904215645,GSE85426,TRUE,TRUE,TRUE,FALSE,TRUE,0.0449825922451492,0.729555972028466
6916,TBXAS1,0.218255958612878,0.0913004282373524,0.451527474458072,0.5725628391055,0.0238090962027952,0.818989418861749,0.92021283018174,GSE85426,TRUE,TRUE,FALSE,FALSE,TRUE,0.0674913320345573,0.260777486617029
6124,RPL4,-0.310680544495576,-0.139430015425012,0.374825277300657,0.543858762389527,-0.0424958592536607,0.733881102554147,0.884194099462828,GSE85426,TRUE,TRUE,FALSE,FALSE,TRUE,0.0969341561713515,0.304782719302758
3101,HK3,0.245696241059703,0.342222488075711,0.0205944098816565,0.13729606587771,0.24001112073502,0.0661319597289657,0.400098198454875,GSE85426,TRUE,TRUE,TRUE,FALSE,TRUE,0.102211367340691,0.701330652128044
11224,RPL35,-0.362873555539964,-0.206722371693904,0.146427779786668,0.340529720434113,0.0539480028542677,0.47504672275611,0.771849238333916,GSE85426,TRUE,FALSE,FALSE,FALSE,FALSE,0.260670374548172,0.260968381952143
6191,RPS4X,-0.272774250806574,-0.30025785685705,0.0307004826575217,0.14564302435698,-0.0972236690883715,0.269558416042778,0.599018702317283,GSE85426,TRUE,TRUE,TRUE,FALSE,TRUE,0.203034187768678,0.323800582959129
6156,RPL30,-0.318995890198392,-0.136197819972814,0.23814352923904,0.414719168492827,0.0430049759535217,0.538468318716629,0.790153351730659,GSE85426,TRUE,FALSE,FALSE,FALSE,FALSE,0.179202795926336,0.3157537761038
9170,LPAR2,0.254910776259708,0.106189646008253,0.445372768522318,0.5725628391055,0.0269518754159424,0.811701758800772,0.92021283018174,GSE85426,TRUE,TRUE,FALSE,FALSE,TRUE,0.0792377705923108,0.253808882777965
8408,ULK1,0.215253298779339,0.0179317065165184,0.867579477328974,0.911084802798343,0.0311797144807729,0.707907168959398,0.874517615502898,GSE85426,TRUE,TRUE,FALSE,FALSE,TRUE,0.0132480079642546,1.7388035239173
6171,RPL41,-0.416655124301412,-0.159144109709302,0.255374886902633,0.418700643534058,0.0673728514366054,0.429256739614689,0.715427899357816,GSE85426,TRUE,FALSE,FALSE,FALSE,FALSE,0.226516961145907,0.423344926555378
9489,PGS1,0.200538093213489,0.409556516925236,0.000206953991962244,0.0206953991962244,0.357872521976356,0.000494290968832968,0.0494290968832968,GSE85426,TRUE,TRUE,TRUE,TRUE,TRUE,0.0516839949488799,0.873804974861834
8673,VAMP8,-0.280404039032461,-0.288090944663134,0.0136577725731615,0.119046529126797,-0.115801441922613,0.0431930048640477,0.332253883569598,GSE85426,TRUE,TRUE,TRUE,TRUE,TRUE,0.172289502740521,0.401961408603176
6001,RGS10,-0.318907523990737,-0.156281959976839,0.220269345017275,0.414719168492827,-0.0466466187261285,0.658306265665016,0.859901478555689,GSE85426,TRUE,TRUE,FALSE,FALSE,TRUE,0.10963534125071,0.298477308148948
23031,MAST3,0.219402507937115,0.0038370774237836,0.977503473146973,0.977503473146973,-0.0429838211100946,0.706946130851743,0.874517615502898,GSE85426,TRUE,FALSE,FALSE,FALSE,FALSE,0.0468208985338782,11.2022292914042
6189,RPS3A,-0.556010713899271,-0.100398881172365,0.378470674267811,0.543858762389527,0.0772727017427254,0.194471740078757,0.543279015033636,GSE85426,TRUE,FALSE,FALSE,FALSE,FALSE,0.177671582915091,0.76965700056023
2205,FCER1A,-0.43323392102203,-0.269282876130661,0.156397855930414,0.34296639551763,-0.236809362819189,0.121475951110929,0.441059007645408,GSE85426,TRUE,TRUE,FALSE,FALSE,TRUE,0.0324735133114721,0.879407432889586
7439,BEST1,0.218912642267077,0.299636507346193,0.0336252751525085,0.14564302435698,0.183306018143171,0.148914927941853,0.465359149818291,GSE85426,TRUE,TRUE,TRUE,FALSE,TRUE,0.116330489203022,0.611761296267493
1207,CLNS1A,-0.206595049604391,-0.316582705555811,0.01734055922995,0.123861137356786,-0.224781502666485,0.0381601490332819,0.318001241944016,GSE85426,TRUE,TRUE,TRUE,TRUE,TRUE,0.0918012028893266,0.710024580375751
6208,RPS14,-0.222957810406957,-0.194589065140474,0.0904247983133124,0.231892899265994,-0.0162922055779046,0.84499687910892,0.938885421232133,GSE85426,TRUE,TRUE,FALSE,FALSE,TRUE,0.17829685956257,0.0837262133210992
5210,PFKFB4,0.20012366174962,0.0505444866824622,0.658864615562691,0.748709790412149,-0.0115251030882578,0.865277599281278,0.950854504704701,GSE85426,TRUE,FALSE,FALSE,FALSE,FALSE,0.06206958977072,0.228018995635715
91662,NLRP12,0.2092599340805,0.0654013361105822,0.620537584973547,0.713261591923617,0.0611313193509877,0.367483253158585,0.674512745801663,GSE85426,TRUE,TRUE,FALSE,FALSE,TRUE,0.00427001675959454,0.934710557711318
2357,FPR1,0.2129706538811,0.0522580194196901,0.801702414007236,0.862045606459393,0.153648472767251,0.0674490023574915,0.400098198454875,GSE85426,TRUE,TRUE,FALSE,FALSE,TRUE,0.101390453347561,2.94018936181416
168544,ZNF467,0.207465738897329,0.111709454842902,0.425056925093688,0.5725628391055,0.239058090465129,0.079364171655833,0.400098198454875,GSE85426,TRUE,TRUE,FALSE,FALSE,TRUE,0.127348635622227,2.13999872080048
8837,CFLAR,0.204991377586431,0.318220772927255,0.00814475528642081,0.119046529126797,0.320080988366677,0.00637044456518454,0.212348152172818,GSE85426,TRUE,TRUE,TRUE,TRUE,TRUE,0.00186021543942261,1.00584567569964
6194,RPS6,-0.256404831251058,-0.161338932558684,0.24053711772584,0.414719168492827,0.0426669461179946,0.505102131716788,0.789222080807482,GSE85426,TRUE,FALSE,FALSE,FALSE,FALSE,0.204005878676679,0.264455363881098
6556,SLC11A1,0.252560271387828,0.0932237553718665,0.380701133672669,0.543858762389527,0.0400453267256966,0.639605601440772,0.858248342913803,GSE85426,TRUE,TRUE,FALSE,FALSE,TRUE,0.0531784286461699,0.429561398443531
6155,RPL27,-0.277420766169742,-0.345504527699455,0.036410756089245,0.14564302435698,-0.0823895915592189,0.404757448328914,0.686029573438838,GSE85426,TRUE,TRUE,TRUE,FALSE,TRUE,0.263114936140236,0.238461684157399
6222,RPS18,-0.251143150924868,-0.201066510057402,0.113728974405483,0.280693840690765,0.0364072989561625,0.569625241837968,0.802289073011223,GSE85426,TRUE,FALSE,FALSE,FALSE,FALSE,0.237473809013564,0.181070924967906
4051,CYP4F3,0.248707763066704,0.29588382175348,0.115084474683214,0.280693840690765,0.259370133696146,0.0168254793662222,0.318001241944016,GSE85426,TRUE,TRUE,FALSE,TRUE,TRUE,0.0365136880573344,0.876594509828401
290,ANPEP,0.22651880880428,0.109886458480772,0.467414178922297,0.584267723652872,-0.00141674032865029,0.98880486738285,0.992882690418785,GSE85426,TRUE,FALSE,FALSE,FALSE,FALSE,0.111303198809422,0.0128927653892694
11237,RNF24,0.204184592771483,0.0851601789135447,0.439209248849085,0.5725628391055,0.0507424505279468,0.486265020150367,0.771849238333916,GSE85426,TRUE,TRUE,FALSE,FALSE,TRUE,0.0344177283855978,0.595847157383981
8291,DYSF,0.236147208114743,0.172868800679093,0.277156415863176,0.433056899786212,0.113209544247573,0.244220085234545,0.587897385233871,GSE85426,TRUE,TRUE,FALSE,FALSE,TRUE,0.05965925643152,0.654887080854636
83716,CRISPLD2,0.222239431408083,0.331718292386321,0.0390469667941442,0.150180641515939,0.235758852757159,0.124188377748655,0.441059007645408,GSE85426,TRUE,TRUE,TRUE,FALSE,TRUE,0.0959594396291615,0.71072008438592
MRPL51,MRPL51,-0.554343558406056,-0.0419320807534187,0.0956217547541056,0.109588977358638,-0.0169561769885206,0.467346134064793,0.535610176119201,GSE140829,TRUE,TRUE,FALSE,FALSE,TRUE,0.0249759037648981,0.404372420444177
RPL36AL,RPL36AL,-0.686679509222695,-0.0626656525695774,0.0176534044791565,0.0404468762645459,-0.0481117135824879,0.0641386133035672,0.208673510647936,GSE140829,TRUE,TRUE,TRUE,FALSE,TRUE,0.0145539389870895,0.767752534437739
CETN2,CETN2,-0.335911876636125,-0.0455815728046734,0.016208673219811,0.0393639206766839,-0.0429894548677628,0.02398791614831,0.176493344386966,GSE140829,TRUE,TRUE,TRUE,TRUE,TRUE,0.00259211793691056,0.943132327881306
NDUFS5,NDUFS5,-0.893634242601138,-0.105121414353758,0.0183715845239672,0.0404468762645459,-0.0640451109507945,0.126196235235501,0.257902793673959,GSE140829,TRUE,TRUE,TRUE,FALSE,TRUE,0.041076303402963,0.609248946511204
RPS25,RPS25,-0.648386927571901,-0.0761114152638279,0.000795264290448437,0.00901299529174895,-0.0517460704460451,0.0116330352629313,0.148321199602374,GSE140829,TRUE,TRUE,TRUE,TRUE,TRUE,0.0243653448177828,0.679872661238472
COX17,COX17,-0.51447204263436,-0.0602796098220057,0.0471649988919934,0.0601353735872916,-0.0414430637908782,0.161424191323117,0.257902793673959,GSE140829,TRUE,TRUE,TRUE,FALSE,TRUE,0.0188365460311275,0.687513802980008
RPS27A,RPS27A,-0.471002989560041,-0.0554745848414594,0.0224704896460662,0.0413623022370481,-0.0263528406644346,0.222641018691471,0.31678248879961,GSE140829,TRUE,TRUE,TRUE,FALSE,TRUE,0.0291217441770248,0.475043494958066
UQCRH,UQCRH,-0.745024242769376,-0.121691037658916,0.00392637446478496,0.0222494553004481,-0.0874864966109976,0.0284696138647889,0.176493344386966,GSE140829,TRUE,TRUE,TRUE,TRUE,TRUE,0.034204541047918,0.71892308829029
RPF2,RPF2,-0.36828805464016,-0.0471120795969993,0.0300161604540449,0.0467464235474285,-0.0257861557194166,0.198931456437142,0.289871550808407,GSE140829,TRUE,TRUE,TRUE,FALSE,TRUE,0.0213259238775827,0.547336393128759
GTF2H5,GTF2H5,-0.427252626934122,-0.0662172034059803,0.000725435305766035,0.00901299529174895,-0.0589757511318391,0.00232791299323054,0.0725458931933708,GSE140829,TRUE,TRUE,TRUE,TRUE,TRUE,0.0072414522741412,0.890640922575006
NGDN,NGDN,-0.355141827613803,-0.0622709546532525,0.0265747462033213,0.0451770685456462,-0.0292527157588259,0.244237710788749,0.336651979735844,GSE140829,TRUE,TRUE,TRUE,FALSE,TRUE,0.0330182388944267,0.469765011982162
RPL32,RPL32,-0.318335752031475,-0.0440063110753744,0.0107543792724285,0.0304707412718809,-0.0203693257827756,0.157260445262253,0.257902793673959,GSE140829,TRUE,TRUE,TRUE,FALSE,TRUE,0.0236369852925987,0.462872830851168
MRPS33,MRPS33,-0.373374491169618,-0.0653078047644043,0.0311642823649523,0.0467464235474285,-0.0386806593847027,0.17519271081829,0.266711291096502,GSE140829,TRUE,TRUE,TRUE,FALSE,TRUE,0.0266271453797016,0.592282339365745
LSM5,LSM5,-0.464085706040577,-0.0122825822961758,0.735773585185505,0.735773585185505,0.028928186134277,0.380608345351192,0.467735556937609,GSE140829,TRUE,FALSE,FALSE,FALSE,FALSE,0.0412107684304528,2.35522021645918
GTF2B,GTF2B,-0.383973101583747,-0.0528491470052658,0.028322126350149,0.0467464235474285,-0.0512860842302376,0.0346065381150914,0.176493344386966,GSE140829,TRUE,TRUE,TRUE,TRUE,TRUE,0.00156306277502823,0.970424068057854
TOMM7,TOMM7,-0.95861121478525,-0.132308266241844,0.0210874210414256,0.0413623022370481,-0.0784989785630856,0.144502986962786,0.257902793673959,GSE140829,TRUE,TRUE,TRUE,FALSE,TRUE,0.0538092876787581,0.59330365964889
UQCRHL,UQCRHL,-0.597470910250404,-0.0928164794046424,0.0284708345821114,0.0467464235474285,-0.0589013870346073,0.145421006471176,0.257902793673959,GSE140829,TRUE,TRUE,TRUE,FALSE,TRUE,0.0339150923700352,0.634600530125916
CDC26,CDC26,-0.258705000776052,-0.0419233096191555,0.0505703647461381,0.0614068714774534,-0.0278198564127077,0.182614655132326,0.269952098891265,GSE140829,TRUE,TRUE,FALSE,FALSE,TRUE,0.0141034532064478,0.663589221972979
SNTB2,SNTB2,0.271123835158023,0.0705647543158619,0.0021037454290499,0.0165063102894684,0.0676453248655942,0.00327066888909367,0.0725458931933708,GSE140829,TRUE,TRUE,TRUE,TRUE,TRUE,0.00291942945026773,0.958627653726395
NSA2,NSA2,-0.504034427947287,-0.0983134318945082,0.0294898490417327,0.0467464235474285,-0.0498993578987489,0.227538505592365,0.317930514663304,GSE140829,TRUE,TRUE,TRUE,FALSE,TRUE,0.0484140739957593,0.507553819830963
SOD1,SOD1,-0.405801710980362,-0.0514082066054918,0.0676753336117981,0.0793434945793495,-0.0124366333277162,0.600060861350567,0.637564665184977,GSE140829,TRUE,TRUE,FALSE,FALSE,TRUE,0.0389715732777756,0.241919221636252
TYK2,TYK2,0.302225839418144,0.0465983031789109,0.0308636634804088,0.0467464235474285,0.029232677626753,0.151900404161536,0.257902793673959,GSE140829,TRUE,TRUE,TRUE,FALSE,TRUE,0.0173656255521579,0.627333521448543
CWC27,CWC27,-0.206633671885919,-0.0435906302460319,0.0184555363702954,0.0404468762645459,-0.028101083345478,0.10704723006663,0.242640388151028,GSE140829,TRUE,TRUE,TRUE,FALSE,TRUE,0.0154895469005539,0.644658799078411
GNL3,GNL3,-0.214714866905887,-0.0648635099799077,0.0230209546178811,0.0413623022370481,-0.0378112652283334,0.156842640406386,0.257902793673959,GSE140829,TRUE,TRUE,TRUE,FALSE,TRUE,0.0270522447515742,0.582935848523245
NME1,NME1,-0.343957726678855,-0.0697140755259519,0.0241671377618362,0.0417816406009247,-0.0391259028084232,0.173932948402825,0.266711291096502,GSE140829,TRUE,TRUE,TRUE,FALSE,TRUE,0.0305881727175288,0.561233904534215
RPAP3,RPAP3,-0.234388231089453,-0.0412748188251617,0.0229673873986974,0.0413623022370481,-0.0353303670812414,0.0498044973351483,0.195386874160966,GSE140829,TRUE,TRUE,TRUE,TRUE,TRUE,0.0059444517439203,0.855978731993937
TCEAL8,TCEAL8,-0.245906623611272,-0.0486396418199791,0.0214481797967173,0.0413623022370481,-0.0269643072299432,0.166833406906366,0.261800115453066,GSE140829,TRUE,TRUE,TRUE,FALSE,TRUE,0.0216753345900359,0.554368951353327
BRIX1,BRIX1,-0.26274081500909,-0.0760904346970012,0.00274631736765901,0.0186749581000812,-0.045849679678812,0.0425740183463659,0.188806516144753,GSE140829,TRUE,TRUE,TRUE,TRUE,TRUE,0.0302407550181892,0.602568244765449
RPAIN,RPAIN,-0.298197488907954,-0.0549402278471093,0.0453952496938773,0.0601353735872916,-0.011778591438216,0.589331939194973,0.633547372460038,GSE140829,TRUE,TRUE,TRUE,FALSE,TRUE,0.0431616364088933,0.214389198948977
SNRPD2,SNRPD2,-0.579685442023776,-0.0858238506157309,0.0324987757798099,0.0480416685440668,-0.0422251516081169,0.248004170072152,0.337285671298127,GSE140829,TRUE,TRUE,TRUE,FALSE,TRUE,0.0435986990076141,0.491997868951097
RPL26,RPL26,-0.979339958887419,-0.177726053243695,0.04908411413571,0.0610558492907612,-0.105457361046771,0.22361116856443,0.31678248879961,GSE140829,TRUE,TRUE,TRUE,FALSE,TRUE,0.0722686921969241,0.593370297275266
LDHB,LDHB,-0.497360243768656,-0.12517826238135,0.00325517947240478,0.0197668595704629,-0.0634055646638566,0.0717339018412851,0.215201705523855,GSE140829,TRUE,TRUE,TRUE,FALSE,TRUE,0.0617726977174939,0.506522166529953
CD3D,CD3D,-0.576618970424699,-0.0798535563487918,0.107700366069632,0.122060414878916,0.000230433774659979,0.995035405926994,0.995035405926994,GSE140829,TRUE,FALSE,FALSE,FALSE,FALSE,0.0800839901234517,0.0028857045972188
EEF1B2,EEF1B2,-0.658471254216218,-0.139461462519904,0.0423236725355479,0.0575601946483452,-0.070492506925623,0.26884537285741,0.351567026044305,GSE140829,TRUE,TRUE,TRUE,FALSE,TRUE,0.068968955594281,0.505462266434803
BEX2,BEX2,-0.283036631532104,-0.0747969259831495,0.00467232256963894,0.0231200480599081,-0.0468935518028886,0.0496389295984939,0.195386874160966,GSE140829,TRUE,TRUE,TRUE,TRUE,TRUE,0.0279033741802608,0.626944906979907
TMEM258,TMEM258,-0.244875060483421,-0.0177252123526588,0.349880468090449,0.364161303522712,-0.00366117426064933,0.841100147305603,0.857922150251715,GSE140829,TRUE,TRUE,FALSE,FALSE,TRUE,0.0140640380920095,0.206551785547446
RPL11,RPL11,-0.464055249209586,-0.0614762306046996,0.046748280122502,0.0601353735872916,-0.0415312611424311,0.161821360736602,0.257902793673959,GSE140829,TRUE,TRUE,TRUE,FALSE,TRUE,0.0199449694622685,0.675566161651691
EIF3E,EIF3E,-0.572893727908792,-0.108337960236754,0.00531936030967542,0.0235902065907345,-0.0723726269599102,0.0464304847082268,0.195386874160966,GSE140829,TRUE,TRUE,TRUE,TRUE,TRUE,0.0359653332768433,0.668026486761912
PSMB1,PSMB1,-0.354941265628633,-0.0225929859987751,0.384525703978099,0.392216218057661,-0.00994084143718161,0.698912756037251,0.734939186760821,GSE140829,TRUE,TRUE,FALSE,FALSE,TRUE,0.0126521445615935,0.439996795364746
LPP,LPP,0.232241064720384,0.0637661855718236,0.0231142277207034,0.0413623022370481,0.060579765533915,0.0323375308138813,0.176493344386966,GSE140829,TRUE,TRUE,TRUE,TRUE,TRUE,0.00318642003790854,0.950029627625766
RPL21,RPL21,-0.704005716418618,-0.173776407194343,0.0120341538177117,0.0331752348488269,-0.123997690922716,0.0642605074053092,0.208673510647936,GSE140829,TRUE,TRUE,TRUE,FALSE,TRUE,0.0497787162716276,0.713547327423122
NIFK,NIFK,-0.261530988199056,-0.0716715366716834,0.00720044892523065,0.027026618805994,-0.0419959564777728,0.0822075597649002,0.232921419333884,GSE140829,TRUE,TRUE,TRUE,FALSE,TRUE,0.0296755801939106,0.585950272981448
RPL7,RPL7,-0.338985657072579,-0.105561974549426,0.048311131299326,0.0608362394139661,-0.0782642419677699,0.139338830560831,0.257902793673959,GSE140829,TRUE,TRUE,TRUE,FALSE,TRUE,0.0272977325816563,0.741405627375083
CKS1B,CKS1B,-0.226652117623215,-0.0517522713618662,0.0193083583556699,0.0410302615057986,-0.037505226100259,0.0815232666910818,0.232921419333884,GSE140829,TRUE,TRUE,TRUE,FALSE,TRUE,0.0142470452616072,0.724706860458589
MDH1,MDH1,-0.385872523629812,-0.0544278164336503,0.0505542787027888,0.0614068714774534,-0.0194240389693065,0.423910312098274,0.502777346907255,GSE140829,TRUE,TRUE,FALSE,FALSE,TRUE,0.0350037774643438,0.356877057395554
PFDN5,PFDN5,-0.642823154770431,-0.169375366615096,0.0045274012696533,0.0231200480599081,-0.147368124064632,0.0134593078129726,0.149839222016787,GSE140829,TRUE,TRUE,TRUE,TRUE,TRUE,0.0220072425504645,0.870068221901029
EMG1,EMG1,-0.243447527197867,-0.045597270420637,0.0651896970916383,0.0773180128296176,-0.0183648794838688,0.413106070607521,0.500438698509325,GSE140829,TRUE,TRUE,FALSE,FALSE,TRUE,0.0272323909367682,0.402762694223841
RPL24,RPL24,-0.434898466380868,-0.105768908088165,0.0086823168506509,0.0289794591389557,-0.0610413834557201,0.0936138961137147,0.242640388151028,GSE140829,TRUE,TRUE,TRUE,FALSE,TRUE,0.044727524632445,0.577120295170659
RPL23,RPL23,-0.636742428565442,-0.185935126695447,0.0224455202033378,0.0413623022370481,-0.132740180182048,0.0954068355800161,0.242640388151028,GSE140829,TRUE,TRUE,TRUE,FALSE,TRUE,0.0531949465133988,0.713905879653769
TRABD,TRABD,0.206431140771901,0.0114396992777642,0.560811630036167,0.566364220432565,0.010535550936942,0.590068631212781,0.633547372460038,GSE140829,TRUE,TRUE,FALSE,FALSE,TRUE,0.000904148340822209,0.920963976511197
PLRG1,PLRG1,-0.228116716937464,-0.0474366388800912,0.03514258362655,0.0497853268042792,-0.022845969795078,0.264917904259099,0.351567026044305,GSE140829,TRUE,TRUE,TRUE,FALSE,TRUE,0.0245906690850132,0.48161021384393
ATP5L,ATP5L,-0.432953489130176,-0.100995595033604,0.00858187136419878,0.0289794591389557,-0.0855248493225214,0.0247626592616993,0.176493344386966,GSE140829,TRUE,TRUE,TRUE,TRUE,TRUE,0.0154707457110826,0.846817619066108
NAE1,NAE1,-0.245596514974172,-0.0642274191839471,0.0290234827131331,0.0467464235474285,-0.0248516699867614,0.323517416669999,0.407392302473332,GSE140829,TRUE,TRUE,TRUE,FALSE,TRUE,0.0393757491971858,0.386932408347068
RPS27,RPS27,-0.791665716678494,-0.0488957297636827,0.215696963436139,0.234054151813682,-0.0249842485639698,0.509714722622964,0.571328590192772,GSE140829,TRUE,TRUE,FALSE,FALSE,TRUE,0.0239114811997129,0.510969949415232
PTPRE,PTPRE,0.212453951260527,0.060870223974987,0.0186372861218986,0.0404468762645459,0.0345523332855726,0.12388255177809,0.257902793673959,GSE140829,TRUE,TRUE,TRUE,FALSE,TRUE,0.0263178906894145,0.567639332159693
PSD4,PSD4,0.235516283790337,0.0559428339249863,0.0460913983097162,0.0601353735872916,0.0449002407591901,0.106005671347883,0.242640388151028,GSE140829,TRUE,TRUE,TRUE,FALSE,TRUE,0.0110425931657961,0.802609335440476
OCIAD2,OCIAD2,-0.272302067867086,-0.0845425126710548,0.00657076942905736,0.0257776339139943,-0.0313733338778481,0.160164149619113,0.257902793673959,GSE140829,TRUE,TRUE,TRUE,FALSE,TRUE,0.0531691787932067,0.371095356485537
RARS,RARS,-0.203086783638014,-0.0349175252604064,0.0303001634513647,0.0467464235474285,-0.0214760651054887,0.157831110851136,0.257902793673959,GSE140829,TRUE,TRUE,TRUE,FALSE,TRUE,0.0134414601549177,0.615051179753589
SS18L2,SS18L2,-0.385992324028182,-0.0433545300377403,0.232933180054935,0.247491503808368,-0.00819392014688407,0.809731191933715,0.834268500780191,GSE140829,TRUE,TRUE,FALSE,FALSE,TRUE,0.0351606098908562,0.188998015657216
RPS20,RPS20,-0.384582445938332,-0.114163690519225,0.00582877036794669,0.0244619286250045,-0.074494155941639,0.052193973732222,0.197177234099505,GSE140829,TRUE,TRUE,TRUE,FALSE,TRUE,0.0396695345775855,0.652520565889508
COMMD6,COMMD6,-0.803438456238976,-0.118185661310178,0.205066858520598,0.22491203837743,-0.0657582835667022,0.474519307537652,0.537788548542672,GSE140829,TRUE,TRUE,FALSE,FALSE,TRUE,0.0524273777434759,0.556398152176174
RPL5,RPL5,-0.430325384849014,-0.163725862450763,0.000749005648454105,0.00901299529174895,-0.105548980902518,0.0146901198055673,0.149839222016787,GSE140829,TRUE,TRUE,TRUE,TRUE,TRUE,0.058176881548245,0.644668956526397
RPL35A,RPL35A,-0.35337284526901,-0.119011459720816,0.0074190718290964,0.027026618805994,-0.0764089385876133,0.0636673674378467,0.208673510647936,GSE140829,TRUE,TRUE,TRUE,FALSE,TRUE,0.042602521133203,0.642030093294021
GBA,GBA,0.218699492843149,0.101896811251391,9.38330742459596e-05,0.00720974300062578,0.0714390946219921,0.00179203848285905,0.0725458931933708,GSE140829,TRUE,TRUE,TRUE,TRUE,TRUE,0.0304577166293992,0.701092543963358
NBEAL2,NBEAL2,0.269263723774575,0.0704565610716778,0.0138193402502409,0.0361428898852454,0.0463362876746154,0.0890747852267325,0.242640388151028,GSE140829,TRUE,TRUE,TRUE,FALSE,TRUE,0.0241202733970624,0.657657526422216
RPL12,RPL12,-0.257195024354915,-0.0851207715804208,0.000426874282358401,0.00870823536011138,-0.054675302817956,0.00830132286589776,0.120962133188796,GSE140829,TRUE,TRUE,TRUE,TRUE,TRUE,0.0304454687624649,0.642326212542606
MBD6,MBD6,0.285615920011688,0.0883140619119314,0.00520994580991895,0.0235902065907345,0.0561162638722461,0.0545641182436022,0.198769287887408,GSE140829,TRUE,TRUE,TRUE,FALSE,TRUE,0.0321977980396852,0.635417085992562
RBX1,RBX1,-0.397755788455287,-0.0933446144227202,0.0690665696014484,0.0800544329471334,-0.0738473400584279,0.150235628232204,0.257902793673959,GSE140829,TRUE,TRUE,FALSE,FALSE,TRUE,0.0194972743642923,0.791125878178714
CMC2,CMC2,-0.277249530188643,-0.032740152611969,0.376279831840724,0.387682250987412,0.00325043621059846,0.925251546121365,0.934412452518606,GSE140829,TRUE,FALSE,FALSE,FALSE,FALSE,0.0359905888225675,0.0992798124407696
TBXAS1,TBXAS1,0.218255958612878,0.056367520192158,0.0471091049909316,0.0601353735872916,0.0191462817095332,0.417032248757771,0.500438698509325,GSE140829,TRUE,TRUE,TRUE,FALSE,TRUE,0.0372212384826248,0.339668689420133
RPL4,RPL4,-0.310680544495576,-0.0889151605013402,0.00965981971298524,0.0289794591389557,-0.0493519858177534,0.104911614131686,0.242640388151028,GSE140829,TRUE,TRUE,TRUE,FALSE,TRUE,0.0395631746835868,0.555045793534946
HK3,HK3,0.245696241059703,0.118798135176929,0.000282735019632383,0.00720974300062578,0.0753631965630253,0.00355617123496916,0.0725458931933708,GSE140829,TRUE,TRUE,TRUE,TRUE,TRUE,0.043434938613904,0.634380299411138
RPL35,RPL35,-0.362873555539964,-0.103815859301536,0.0106125018810759,0.0304707412718809,-0.0582370534189777,0.110694695389351,0.245453454993779,GSE140829,TRUE,TRUE,TRUE,FALSE,TRUE,0.0455788058825586,0.560964902769108
RPS4X,RPS4X,-0.272774250806574,-0.0839113108314592,0.000666591378376768,0.00901299529174895,-0.0490628270305335,0.0164240198740661,0.152295457014068,GSE140829,TRUE,TRUE,TRUE,TRUE,TRUE,0.0348484838009256,0.584698612670694
RPL30,RPL30,-0.318995890198392,-0.0788180459486789,0.0178022917250525,0.0404468762645459,-0.0514961939195551,0.100766114014611,0.242640388151028,GSE140829,TRUE,TRUE,TRUE,FALSE,TRUE,0.0273218520291239,0.653355374390859
LPAR2,LPAR2,0.254910776259708,0.074996724506571,0.0217947093427087,0.0413623022370481,0.0447806403738415,0.144995812034666,0.257902793673959,GSE140829,TRUE,TRUE,TRUE,FALSE,TRUE,0.0302160841327295,0.597101282335577
ULK1,ULK1,0.215253298779339,0.0731685298484004,0.00936599848112617,0.0289794591389557,0.0358967895907243,0.139176141664109,0.257902793673959,GSE140829,TRUE,TRUE,TRUE,FALSE,TRUE,0.0372717402576761,0.490604221037374
RPL41,RPL41,-0.416655124301412,-0.0648882720153528,0.0345685575928361,0.0496618714713984,-0.0489172662177697,0.101581619885619,0.242640388151028,GSE140829,TRUE,TRUE,TRUE,FALSE,TRUE,0.0159710057975831,0.753869146125446
PGS1,PGS1,0.200538093213489,0.0293044883555975,0.27452030549993,0.288670836711267,0.0079970258975263,0.756160862832779,0.787024571519831,GSE140829,TRUE,TRUE,FALSE,FALSE,TRUE,0.0213074624580712,0.272894233828136
VAMP8,VAMP8,-0.280404039032461,-0.0360696314572118,0.218943026429323,0.23507567048201,-0.0160333537673197,0.573878252378087,0.629414857446934,GSE140829,TRUE,TRUE,FALSE,FALSE,TRUE,0.0200362776898921,0.444511161316952
PADI4,PADI4,0.304402406928217,0.150304676478845,0.0026341205416065,0.0186749581000812,0.0833918986894907,0.0420761447682113,0.188806516144753,GSE140829,TRUE,TRUE,TRUE,TRUE,TRUE,0.0669127777893543,0.554819055821114
RGS10,RGS10,-0.318907523990737,-0.155061975475865,0.000158600773943098,0.00720974300062578,-0.157665113184107,0.000134469038446947,0.0137158419215886,GSE140829,TRUE,TRUE,TRUE,TRUE,TRUE,0.00260313770824189,1.01678772439377
MAST3,MAST3,0.219402507937115,0.0992263124296764,0.00329447659507714,0.0197668595704629,0.0669870540037348,0.0338854664230752,0.176493344386966,GSE140829,TRUE,TRUE,TRUE,TRUE,TRUE,0.0322392584259417,0.67509365573985
RPS3A,RPS3A,-0.556010713899271,-0.203833117736836,0.0144402877073724,0.0368227336537995,-0.148498331996487,0.0672481556982566,0.208673510647936,GSE140829,TRUE,TRUE,TRUE,FALSE,TRUE,0.0553347857403493,0.728528973334988
FCER1A,FCER1A,-0.43323392102203,-0.170550356418258,0.0211221222125193,0.0413623022370481,-0.151962274692815,0.04055859895351,0.188806516144753,GSE140829,TRUE,TRUE,TRUE,TRUE,TRUE,0.018588081725443,0.891011182176263
BEST1,BEST1,0.218912642267077,0.112485149849524,0.000214476786026578,0.00720974300062578,0.0764616679160456,0.00466126943087206,0.079241580324825,GSE140829,TRUE,TRUE,TRUE,TRUE,TRUE,0.0360234819334788,0.67974899814181
CLNS1A,CLNS1A,-0.206595049604391,-0.0611085481940007,0.109091505252633,0.122278390502951,-0.0210713072297865,0.547164730463547,0.606639157687845,GSE140829,TRUE,TRUE,FALSE,FALSE,TRUE,0.0400372409642141,0.344817670400083
RPS14,RPS14,-0.222957810406957,-0.0570691423730305,0.0342933140186262,0.0496618714713984,-0.0254447930425841,0.283225837163009,0.365683992286416,GSE140829,TRUE,TRUE,TRUE,FALSE,TRUE,0.0316243493304464,0.445859040184362
PFKFB4,PFKFB4,0.20012366174962,0.0795940089391154,0.00897028652777331,0.0289794591389557,0.0319492378435683,0.178827987441861,0.268241981162791,GSE140829,TRUE,TRUE,TRUE,FALSE,TRUE,0.0476447710955471,0.401402546113835
NLRP12,NLRP12,0.2092599340805,0.103848824432655,0.00599557074142268,0.0244619286250045,0.0543988691774579,0.0935352458613777,0.242640388151028,GSE140829,TRUE,TRUE,TRUE,FALSE,TRUE,0.0494499552551973,0.523827491304294
FPR1,FPR1,0.2129706538811,0.0758928165629399,0.0413085342498414,0.056938790452484,0.0228292735944983,0.457548379555615,0.53034016721219,GSE140829,TRUE,TRUE,TRUE,FALSE,TRUE,0.0530635429684416,0.300809412911503
ZNF467,ZNF467,0.207465738897329,0.102154254491055,0.00958101580832352,0.0289794591389557,0.0472885056666178,0.153067979935017,0.257902793673959,GSE140829,TRUE,TRUE,TRUE,FALSE,TRUE,0.0548657488244375,0.462912738213546
CFLAR,CFLAR,0.204991377586431,0.0670490804820402,0.0561650733407983,0.067398088008958,0.0326939184836548,0.317253965978933,0.404498806623139,GSE140829,TRUE,TRUE,FALSE,FALSE,TRUE,0.0343551619983854,0.487611735293107
RPS6,RPS6,-0.256404831251058,-0.105896246355285,0.00476000989468696,0.0231200480599081,-0.0602832786954788,0.0675120181508029,0.208673510647936,GSE140829,TRUE,TRUE,TRUE,FALSE,TRUE,0.0456129676598065,0.569267379820305
SLC11A1,SLC11A1,0.252560271387828,0.0928230577486526,0.0241678117201427,0.0417816406009247,0.0395567230677844,0.265841202056648,0.351567026044305,GSE140829,TRUE,TRUE,TRUE,FALSE,TRUE,0.0532663346808682,0.426151906942094
RPL27,RPL27,-0.277420766169742,-0.0843849805706824,0.114155516220703,0.126563724505562,-0.0394638790229523,0.434716609313031,0.50966774884976,GSE140829,TRUE,TRUE,FALSE,FALSE,TRUE,0.04492110154773,0.467664728439401
RPS18,RPS18,-0.251143150924868,-0.132882100072747,0.0136237508483037,0.0361428898852454,-0.066391541395671,0.159646653709796,0.257902793673959,GSE140829,TRUE,TRUE,TRUE,FALSE,TRUE,0.0664905586770758,0.499627424305642
CYP4F3,CYP4F3,0.248707763066704,0.102344976216016,0.0404687064637685,0.056545315880882,0.0417793060488553,0.336375817528645,0.418418699852704,GSE140829,TRUE,TRUE,TRUE,FALSE,TRUE,0.0605656701671605,0.408220389447092
ANPEP,ANPEP,0.22651880880428,0.149539022692637,0.00175026395322442,0.0148772436024076,0.0895930601951257,0.0308129185218201,0.176493344386966,GSE140829,TRUE,TRUE,TRUE,TRUE,TRUE,0.0599459624975118,0.599128298298935
RNF24,RNF24,0.204184592771483,0.104176624629371,0.0150249750796482,0.0373792062957103,0.0541440993092417,0.158891069840803,0.257902793673959,GSE140829,TRUE,TRUE,TRUE,FALSE,TRUE,0.050032525320129,0.519733668679229
DYSF,DYSF,0.236147208114743,0.178433458260686,0.00114391437186252,0.0106072059936343,0.0969866055872586,0.0298025698070327,0.176493344386966,GSE140829,TRUE,TRUE,TRUE,TRUE,TRUE,0.081446852673427,0.543544952458212
CRISPLD2,CRISPLD2,0.222239431408083,0.171491868761839,0.00104085754239772,0.0106072059936343,0.0988719539473626,0.0221492597845729,0.176493344386966,GSE140829,TRUE,TRUE,TRUE,TRUE,TRUE,0.0726199148144767,0.576540186197818
