gene_id,gene_symbol,gene_title,s3_rank,s3_probe_id,s3_logFC,s3_abs_logFC,s3_adj.P.Val,s3_P.Value,s3_direction,gse63061_validation_gene_symbol,gse63061_validation_logFC,gse63061_validation_p_value,gse63061_validation_adj_p_value,gse63061_direction_concordant,gse63061_nominal_concordant,gse63061_fdr_concordant,gse63061_auc_oriented,gse63061_mapped,gse85426_validation_gene_symbol,gse85426_validation_logFC,gse85426_validation_p_value,gse85426_validation_adj_p_value,gse85426_direction_concordant,gse85426_nominal_concordant,gse85426_fdr_concordant,gse85426_auc_oriented,gse85426_mapped,gse140829_validation_gene_symbol,gse140829_validation_logFC,gse140829_validation_p_value,gse140829_validation_adj_p_value,gse140829_direction_concordant,gse140829_nominal_concordant,gse140829_fdr_concordant,gse140829_auc_oriented,gse140829_mapped,gse63061_reversed,gse85426_reversed,gse140829_reversed,cross_mapped_count,cross_direction_count,cross_nominal_count,cross_fdr_count,cross_reversal_count,cross_max_auc,cross_min_auc,near_cohort_anchor,near_cohort_nominal,stable_strict,stable_directional,unstable_reversal,unstable_vanish,unstable_primary,transportability_class,biological_keyword_category,direction_membership,nominal_membership
51258,MRPL51,mitochondrial ribosomal protein L51,1,ILMN_2097421,-0.554343558406056,0.554343558406056,3.88126738803366e-21,1.01280397370535e-25,AD_down,MRPL51,-0.280617031721112,3.6522093431013e-13,7.31811447123924e-10,TRUE,TRUE,TRUE,0.739611296037797,TRUE,MRPL51,-0.200224684239387,0.0396044285276668,0.555845932033816,TRUE,TRUE,FALSE,0.576296296296296,TRUE,MRPL51,-0.0419320807534187,0.0942335992045305,0.490560908656083,TRUE,FALSE,FALSE,0.509858409421728,TRUE,FALSE,FALSE,FALSE,2,2,1,0,0,0.576296296296296,0.509858409421728,TRUE,TRUE,TRUE,TRUE,FALSE,FALSE,FALSE,stable_strict,mitochondrial_oxphos,GSE63061|GSE85426|GSE140829,GSE63061|GSE85426
6166,RPL36AL,ribosomal protein L36a like,3,ILMN_2189936,-0.686679509222695,0.686679509222695,4.28441209251945e-17,3.71196220043605e-21,AD_down,RPL36AL,-0.435056252890119,1.43083116879752e-14,1.52172520585865e-10,TRUE,TRUE,TRUE,0.75507355309782,TRUE,RPL36AL,-0.129232981604618,0.274648087298377,0.768534582729822,TRUE,FALSE,FALSE,0.540679012345679,TRUE,RPL36AL,-0.0626656525695774,0.0172541230734579,0.285682605301507,TRUE,TRUE,FALSE,0.550394777469013,TRUE,FALSE,FALSE,FALSE,2,2,1,0,0,0.550394777469013,0.540679012345679,TRUE,TRUE,TRUE,TRUE,FALSE,FALSE,FALSE,stable_strict,ribosomal_translation,GSE63061|GSE85426|GSE140829,GSE63061|GSE140829
1069,CETN2,centrin 2,4,ILMN_1695645,-0.335911876636125,0.335911876636125,4.28441209251945e-17,4.47201303952763e-21,AD_down,CETN2,-0.183082986777026,2.84789495793883e-14,1.52172520585865e-10,TRUE,TRUE,TRUE,0.748577257596908,TRUE,CETN2,-0.0989803760126543,0.485834064101992,0.859259953681143,TRUE,FALSE,FALSE,0.544259259259259,TRUE,CETN2,-0.0455815728046734,0.0152076889902361,0.269473209602964,TRUE,TRUE,FALSE,0.553372149442018,TRUE,FALSE,FALSE,FALSE,2,2,1,0,0,0.553372149442018,0.544259259259259,TRUE,TRUE,TRUE,TRUE,FALSE,FALSE,FALSE,stable_strict,other_or_unclassified,GSE63061|GSE85426|GSE140829,GSE63061|GSE140829
4725,NDUFS5,NADH:ubiquinone oxidoreductase subunit S5,5,ILMN_1776104,-0.893634242601138,0.893634242601138,9.81251490206278e-17,1.28027176322514e-20,AD_down,NDUFS5,-0.411196078614957,2.16379802235711e-13,5.78094704973075e-10,TRUE,TRUE,TRUE,0.761355095028455,TRUE,NDUFS5,-0.230364377622535,0.0309861932724725,0.536778508859954,TRUE,TRUE,FALSE,0.603518518518519,TRUE,NDUFS5,-0.105121414353758,0.0184404170448605,0.291816879071598,TRUE,TRUE,FALSE,0.56777380794848,TRUE,FALSE,FALSE,FALSE,2,2,2,0,0,0.603518518518519,0.56777380794848,TRUE,TRUE,TRUE,TRUE,FALSE,FALSE,FALSE,stable_strict,mitochondrial_oxphos,GSE63061|GSE85426|GSE140829,GSE63061|GSE85426|GSE140829
6230,RPS25,ribosomal protein S25,6,ILMN_1746516,-0.648386927571901,0.648386927571901,3.47444491254131e-16,7.25315988213832e-20,AD_down,RPS25,-0.445345827519363,4.58093788994351e-14,1.83581085939486e-10,TRUE,TRUE,TRUE,0.753462901320734,TRUE,RPS25,-0.157715509088372,0.239413928343855,0.750344699797858,TRUE,FALSE,FALSE,0.565308641975309,TRUE,RPS25,-0.0761114152638279,0.00074072666304778,0.0833943462122877,TRUE,TRUE,FALSE,0.574544572361166,TRUE,FALSE,FALSE,FALSE,2,2,1,0,0,0.574544572361166,0.565308641975309,TRUE,TRUE,TRUE,TRUE,FALSE,FALSE,FALSE,stable_strict,ribosomal_translation,GSE63061|GSE85426|GSE140829,GSE63061|GSE140829
10063,COX17,"COX17, cytochrome c oxidase copper chaperone",10,ILMN_2187718,-0.51447204263436,0.51447204263436,1.83209303525853e-15,5.73694390248482e-19,AD_down,COX17,-0.246642913751079,2.93389855516571e-12,5.22559931547849e-09,TRUE,TRUE,TRUE,0.731128530011811,TRUE,COX17,-0.126720053302308,0.217752206414115,0.735444806825151,TRUE,FALSE,FALSE,0.539567901234568,TRUE,COX17,-0.0602796098220057,0.04672641419734,0.390902764925628,TRUE,TRUE,FALSE,0.539786511402232,TRUE,FALSE,FALSE,FALSE,2,2,1,0,0,0.539786511402232,0.539567901234568,TRUE,TRUE,TRUE,TRUE,FALSE,FALSE,FALSE,stable_strict,mitochondrial_oxphos,GSE63061|GSE85426|GSE140829,GSE63061|GSE140829
6233,RPS27A,ribosomal protein S27a,14,ILMN_2048326,-0.471002989560041,0.471002989560041,6.67600504556755e-15,2.96153869251731e-18,AD_down,RPS27A,-0.394363773360928,9.88473337798809e-11,8.80290422495273e-08,TRUE,TRUE,TRUE,0.722967894341243,TRUE,RPS27A,-0.0954257733939953,0.345073487368896,0.802529998926704,TRUE,FALSE,FALSE,0.55179012345679,TRUE,RPS27A,-0.0554745848414594,0.0218428512885842,0.309575942864003,TRUE,TRUE,FALSE,0.561841118609678,TRUE,FALSE,FALSE,FALSE,2,2,1,0,0,0.561841118609678,0.55179012345679,TRUE,TRUE,TRUE,TRUE,FALSE,FALSE,FALSE,stable_strict,ribosomal_translation,GSE63061|GSE85426|GSE140829,GSE63061|GSE140829
7388,UQCRH,ubiquinol-cytochrome c reductase hinge protein,15,ILMN_2232936,-0.745024242769376,0.745024242769376,8.43811786326415e-15,3.96341844211562e-18,AD_down,UQCRH,-0.398342635833794,1.02504819243488e-11,1.64315225247311e-08,TRUE,TRUE,TRUE,0.73472565231397,TRUE,UQCRH,-0.212063737232789,0.0298487225690748,0.531292152711938,TRUE,TRUE,FALSE,0.61,TRUE,UQCRH,-0.121691037658916,0.0039382488547087,0.167895425173941,TRUE,TRUE,FALSE,0.560892770499757,TRUE,FALSE,FALSE,FALSE,2,2,2,0,0,0.61,0.560892770499757,TRUE,TRUE,TRUE,TRUE,FALSE,FALSE,FALSE,stable_strict,mitochondrial_oxphos,GSE63061|GSE85426|GSE140829,GSE63061|GSE85426|GSE140829
84154,RPF2,ribosome production factor 2 homolog,18,ILMN_1664167,-0.36828805464016,0.36828805464016,1.23801266617538e-13,6.78416209740696e-17,AD_down,RPF2,-0.165632206338844,2.48114804307536e-08,7.50430247745245e-06,TRUE,TRUE,TRUE,0.69499624181252,TRUE,RPF2,-0.033897466340989,0.761932841808297,0.942832811174079,TRUE,FALSE,FALSE,0.518765432098765,TRUE,RPF2,-0.0471120795969993,0.0289392929227774,0.33727807075759,TRUE,TRUE,FALSE,0.552004763795157,TRUE,FALSE,FALSE,FALSE,2,2,1,0,0,0.552004763795157,0.518765432098765,TRUE,TRUE,TRUE,TRUE,FALSE,FALSE,FALSE,stable_strict,ribosomal_translation,GSE63061|GSE85426|GSE140829,GSE63061|GSE140829
404672,GTF2H5,general transcription factor IIH subunit 5,23,ILMN_1739497,-0.427252626934122,0.427252626934122,7.98101899453265e-13,5.6230758533579e-16,AD_down,GTF2H5,-0.133352607057604,3.1804012718213e-08,8.97034722406857e-06,TRUE,TRUE,TRUE,0.693546655213143,TRUE,GTF2H5,-0.107055233011346,0.166858282641041,0.693098687531697,TRUE,FALSE,FALSE,0.575308641975309,TRUE,GTF2H5,-0.0662172034059803,0.000650366877710728,0.0831793221916913,TRUE,TRUE,FALSE,0.584711746283799,TRUE,FALSE,FALSE,FALSE,2,2,1,0,0,0.584711746283799,0.575308641975309,TRUE,TRUE,TRUE,TRUE,FALSE,FALSE,FALSE,stable_strict,other_or_unclassified,GSE63061|GSE85426|GSE140829,GSE63061|GSE140829
25983,NGDN,neuroguidin,29,ILMN_2324998,-0.355141827613803,0.355141827613803,1.66154999174863e-12,1.4308008383619e-15,AD_down,NGDN,-0.166526770415053,4.41514342080326e-07,6.37610351670957e-05,TRUE,TRUE,TRUE,0.673950391925266,TRUE,NGDN,-0.204095913052911,0.0454079952873118,0.566804526136723,TRUE,TRUE,FALSE,0.579320987654321,TRUE,NGDN,-0.0622709546532525,0.0261516165523545,0.326715556998657,TRUE,TRUE,FALSE,0.553195712584359,TRUE,FALSE,FALSE,FALSE,2,2,2,0,0,0.579320987654321,0.553195712584359,TRUE,TRUE,TRUE,TRUE,FALSE,FALSE,FALSE,stable_strict,other_or_unclassified,GSE63061|GSE85426|GSE140829,GSE63061|GSE85426|GSE140829
6161,RPL32,ribosomal protein L32,38,ILMN_1663799,-0.318335752031475,0.318335752031475,1.00266651305633e-11,1.12850514836585e-14,AD_down,RPL32,-0.184553594554075,3.77065915634071e-06,0.000297752050621387,TRUE,TRUE,TRUE,0.668152045527757,TRUE,RPL32,-0.20066786373191,0.129701240136284,0.668355266603757,TRUE,FALSE,FALSE,0.588456790123457,TRUE,RPL32,-0.0440063110753744,0.00982427643050396,0.229323352683452,TRUE,TRUE,FALSE,0.575669357328746,TRUE,FALSE,FALSE,FALSE,2,2,1,0,0,0.588456790123457,0.575669357328746,TRUE,TRUE,TRUE,TRUE,FALSE,FALSE,FALSE,stable_strict,ribosomal_translation,GSE63061|GSE85426|GSE140829,GSE63061|GSE140829
51650,MRPS33,mitochondrial ribosomal protein S33,43,ILMN_1741264,-0.373374491169618,0.373374491169618,1.30740497861702e-11,1.73993147303032e-14,AD_down,MRPS33,-0.161922558100348,5.41325531852751e-07,7.36183195189111e-05,TRUE,TRUE,TRUE,0.682379469558681,TRUE,MRPS33,-0.131363668822936,0.0832803405578287,0.614241637704363,TRUE,FALSE,FALSE,0.586172839506173,TRUE,MRPS33,-0.0653078047644043,0.0308262363902401,0.341760777510935,TRUE,TRUE,FALSE,0.563340831899784,TRUE,FALSE,FALSE,FALSE,2,2,1,0,0,0.586172839506173,0.563340831899784,TRUE,TRUE,TRUE,TRUE,FALSE,FALSE,FALSE,stable_strict,mitochondrial_oxphos,GSE63061|GSE85426|GSE140829,GSE63061|GSE140829
23658,LSM5,"LSM5 homolog, U6 small nuclear RNA and mRNA degradation associated",44,ILMN_1737947,-0.464085706040577,0.464085706040577,1.88366673230189e-11,2.65429788487819e-14,AD_down,LSM5,-0.207438777249905,1.67881087609254e-07,3.04061258340858e-05,TRUE,TRUE,TRUE,0.695264683775368,TRUE,LSM5,-0.232442897131071,0.0141243020020406,0.481199185744497,TRUE,TRUE,FALSE,0.644567901234568,TRUE,LSM5,-0.0122825822961758,0.735639529854019,0.926599727974345,TRUE,FALSE,FALSE,0.50915266199109,TRUE,FALSE,FALSE,FALSE,2,2,1,0,0,0.644567901234568,0.50915266199109,TRUE,TRUE,TRUE,TRUE,FALSE,FALSE,FALSE,stable_strict,other_or_unclassified,GSE63061|GSE85426|GSE140829,GSE63061|GSE85426
2959,GTF2B,general transcription factor IIB,46,ILMN_1737857,-0.383973101583747,0.383973101583747,2.05940726144814e-11,3.00941513076289e-14,AD_down,GTF2B,-0.198329440111693,2.06078333718369e-09,1.12339988675165e-06,TRUE,TRUE,TRUE,0.686942982927091,TRUE,GTF2B,-0.230605627860435,0.0728292401115132,0.602792572329726,TRUE,FALSE,FALSE,0.555802469135803,TRUE,GTF2B,-0.0528491470052658,0.0275645821489038,0.333489081251937,TRUE,TRUE,FALSE,0.549689030038375,TRUE,FALSE,FALSE,FALSE,2,2,1,0,0,0.555802469135803,0.549689030038375,TRUE,TRUE,TRUE,TRUE,FALSE,FALSE,FALSE,stable_strict,other_or_unclassified,GSE63061|GSE85426|GSE140829,GSE63061|GSE140829
54543,TOMM7,translocase of outer mitochondrial membrane 7,56,ILMN_1674069,-0.95861121478525,0.95861121478525,6.43034897382722e-11,1.17458490728017e-13,AD_down,TOMM7,-0.541659042346155,1.75949434068224e-08,5.87597797523675e-06,TRUE,TRUE,TRUE,0.70519703640073,TRUE,TOMM7,-0.236180616516404,0.0751285062006039,0.607377881761933,TRUE,FALSE,FALSE,0.573703703703704,TRUE,TOMM7,-0.132308266241844,0.0212774260141839,0.307222985718479,TRUE,TRUE,FALSE,0.561841118609678,TRUE,FALSE,FALSE,FALSE,2,2,1,0,0,0.573703703703704,0.561841118609678,TRUE,TRUE,TRUE,TRUE,FALSE,FALSE,FALSE,stable_strict,mitochondrial_oxphos,GSE63061|GSE85426|GSE140829,GSE63061|GSE140829
440567,UQCRHL,ubiquinol-cytochrome c reductase hinge protein like,59,ILMN_1718136,-0.597470910250404,0.597470910250404,8.39850141708368e-11,1.62175540124261e-13,AD_down,UQCRHL,-0.26564856031692,6.16333952621279e-09,2.74439812792197e-06,TRUE,TRUE,TRUE,0.695855256093633,TRUE,,,,,FALSE,FALSE,FALSE,,FALSE,UQCRHL,-0.0928164794046424,0.0285264119547404,0.336569555660837,TRUE,TRUE,FALSE,0.555379118697896,TRUE,FALSE,FALSE,FALSE,1,1,1,0,0,0.555379118697896,0.555379118697896,TRUE,TRUE,TRUE,TRUE,FALSE,FALSE,FALSE,stable_strict,mitochondrial_oxphos,GSE63061|GSE140829,GSE63061|GSE140829
246184,CDC26,cell division cycle 26,68,ILMN_2210837,-0.258705000776052,0.258705000776052,1.3463446268291e-10,3.09165302335372e-13,AD_down,CDC26,-0.114775514679452,3.83844071194369e-06,0.000300147339572963,TRUE,TRUE,TRUE,0.646945130462794,TRUE,CDC26,-0.151551485842614,0.205435758838086,0.724139263983325,TRUE,FALSE,FALSE,0.569444444444445,TRUE,CDC26,-0.0419233096191555,0.0490004296897624,0.395746636350331,TRUE,TRUE,FALSE,0.544572361166248,TRUE,FALSE,FALSE,FALSE,2,2,1,0,0,0.569444444444445,0.544572361166248,TRUE,TRUE,TRUE,TRUE,FALSE,FALSE,FALSE,stable_strict,other_or_unclassified,GSE63061|GSE85426|GSE140829,GSE63061|GSE140829
6645,SNTB2,syntrophin beta 2,71,ILMN_1808374,0.271123835158023,0.271123835158023,1.87318795570307e-10,4.4612034490911e-13,AD_up,SNTB2,0.134662724625634,3.27099664928792e-08,8.97034722406857e-06,TRUE,TRUE,TRUE,0.692526575754322,TRUE,SNTB2,0.0810301591318957,0.389619838479307,0.825485420731697,TRUE,FALSE,FALSE,0.530308641975309,TRUE,SNTB2,0.0705647543158619,0.00198441689971451,0.133297785612335,TRUE,TRUE,FALSE,0.572824312998986,TRUE,FALSE,FALSE,FALSE,2,2,1,0,0,0.572824312998986,0.530308641975309,TRUE,TRUE,TRUE,TRUE,FALSE,FALSE,FALSE,stable_strict,other_or_unclassified,GSE63061|GSE85426|GSE140829,GSE63061|GSE140829
10412,NSA2,"NSA2, ribosome biogenesis homolog",76,ILMN_2103295,-0.504034427947287,0.504034427947287,2.20361619635767e-10,5.6352587871993e-13,AD_down,NSA2,-0.266337373875276,4.30362716024653e-07,6.27155848897744e-05,TRUE,TRUE,TRUE,0.688499946311607,TRUE,NSA2,-0.00690686796897081,0.952503178287022,0.991275332024018,TRUE,FALSE,FALSE,0.51537037037037,TRUE,NSA2,-0.0983134318945082,0.0295949571367647,0.337662042904736,TRUE,TRUE,FALSE,0.558047726169997,TRUE,FALSE,FALSE,FALSE,2,2,1,0,0,0.558047726169997,0.51537037037037,TRUE,TRUE,TRUE,TRUE,FALSE,FALSE,FALSE,stable_strict,ribosomal_translation,GSE63061|GSE85426|GSE140829,GSE63061|GSE140829
6647,SOD1,"superoxide dismutase 1, soluble",78,ILMN_1662438,-0.405801710980362,0.405801710980362,2.7377151519885e-10,7.21541752389851e-13,AD_down,SOD1,-0.186624613264732,6.45189986719802e-07,8.3523408579785e-05,TRUE,TRUE,TRUE,0.675238913346934,TRUE,SOD1,-0.279580529868861,0.0153173540171832,0.481199185744497,TRUE,TRUE,FALSE,0.618950617283951,TRUE,SOD1,-0.0514082066054918,0.0669118112228871,0.439174665798519,TRUE,FALSE,FALSE,0.541727316836487,TRUE,FALSE,FALSE,FALSE,2,2,1,0,0,0.618950617283951,0.541727316836487,TRUE,TRUE,TRUE,TRUE,FALSE,FALSE,FALSE,stable_strict,other_or_unclassified,GSE63061|GSE85426|GSE140829,GSE63061|GSE85426
7297,TYK2,tyrosine kinase 2,79,ILMN_1676955,0.302225839418144,0.302225839418144,2.87531388651944e-10,7.6530978661078e-13,AD_up,TYK2,0.159942086111827,1.13299193393736e-06,0.000129727576435828,TRUE,TRUE,TRUE,0.676366369590895,TRUE,TYK2,0.300892009686126,0.0358376993262327,0.549945081146952,TRUE,TRUE,FALSE,0.560864197530864,TRUE,TYK2,0.0465983031789109,0.0297478008531332,0.337947873910352,TRUE,TRUE,FALSE,0.550108067575317,TRUE,FALSE,FALSE,FALSE,2,2,2,0,0,0.560864197530864,0.550108067575317,TRUE,TRUE,TRUE,TRUE,FALSE,FALSE,FALSE,stable_strict,other_or_unclassified,GSE63061|GSE85426|GSE140829,GSE63061|GSE85426|GSE140829
10283,CWC27,CWC27 spliceosome associated protein homolog,81,ILMN_1686194,-0.206633671885919,0.206633671885919,4.18144594113447e-10,1.1597092594661e-12,AD_down,CWC27,-0.10034632856779,1.78123188443813e-05,0.000906449114525182,TRUE,TRUE,TRUE,0.652313969719747,TRUE,CWC27,-0.173764047262751,0.203159868637607,0.722696462386996,TRUE,FALSE,FALSE,0.561728395061729,TRUE,CWC27,-0.0435906302460319,0.0172840759445775,0.285682605301507,TRUE,TRUE,FALSE,0.558731418993428,TRUE,FALSE,FALSE,FALSE,2,2,1,0,0,0.561728395061729,0.558731418993428,TRUE,TRUE,TRUE,TRUE,FALSE,FALSE,FALSE,stable_strict,rna_processing,GSE63061|GSE85426|GSE140829,GSE63061|GSE140829
26354,GNL3,G protein nucleolar 3,82,ILMN_1806106,-0.214714866905887,0.214714866905887,4.20000368661317e-10,1.18365533676275e-12,AD_down,GNL3,-0.0975316703708829,0.00166514092386416,0.0213708638987531,TRUE,TRUE,TRUE,0.61113497261892,TRUE,GNL3,-0.0180333642143187,0.874424724912256,0.976669058871106,TRUE,FALSE,FALSE,0.532962962962963,TRUE,GNL3,-0.0648635099799077,0.022662406426517,0.313906223293997,TRUE,TRUE,FALSE,0.564906709011513,TRUE,FALSE,FALSE,FALSE,2,2,1,0,0,0.564906709011513,0.532962962962963,TRUE,TRUE,TRUE,TRUE,FALSE,FALSE,FALSE,stable_strict,other_or_unclassified,GSE63061|GSE85426|GSE140829,GSE63061|GSE140829
4830,NME1,NME/NM23 nucleoside diphosphate kinase 1,84,ILMN_1741133,-0.343957726678855,0.343957726678855,4.71366080198256e-10,1.36148988330508e-12,AD_down,NME1,-0.192162229537402,1.66572984016376e-07,3.04061258340858e-05,TRUE,TRUE,TRUE,0.670568023193386,TRUE,NME1,-0.0690698265617516,0.491788482399241,0.860230665235685,TRUE,FALSE,FALSE,0.535555555555556,TRUE,NME1,-0.0697140755259519,0.0239101866099843,0.316806724468258,TRUE,TRUE,FALSE,0.556570067487098,TRUE,FALSE,FALSE,FALSE,2,2,1,0,0,0.556570067487098,0.535555555555556,TRUE,TRUE,TRUE,TRUE,FALSE,FALSE,FALSE,stable_strict,other_or_unclassified,GSE63061|GSE85426|GSE140829,GSE63061|GSE140829
79657,RPAP3,RNA polymerase II associated protein 3,85,ILMN_1766916,-0.234388231089453,0.234388231089453,4.79311518826e-10,1.40083738083899e-12,AD_down,RPAP3,-0.0855976370990835,0.000469966798915389,0.00907658769471529,TRUE,TRUE,TRUE,0.618007086867819,TRUE,RPAP3,-0.110561898069151,0.345352608607069,0.802529998926704,TRUE,FALSE,FALSE,0.549012345679012,TRUE,RPAP3,-0.0412748188251617,0.0215296196527664,0.307355450959892,TRUE,TRUE,FALSE,0.55698910502404,TRUE,FALSE,FALSE,FALSE,2,2,1,0,0,0.55698910502404,0.549012345679012,TRUE,TRUE,TRUE,TRUE,FALSE,FALSE,FALSE,stable_strict,other_or_unclassified,GSE63061|GSE85426|GSE140829,GSE63061|GSE140829
90843,TCEAL8,transcription elongation factor A like 8,90,ILMN_2402272,-0.245906623611272,0.245906623611272,5.54203073680585e-10,1.70648616184722e-12,AD_down,TCEAL8,-0.0986192737428734,4.65453692880232e-05,0.0018242598280856,TRUE,TRUE,TRUE,0.64850209384731,TRUE,TCEAL8,-0.0975962569550372,0.284266886395035,0.77245141485814,TRUE,FALSE,FALSE,0.585246913580247,TRUE,TCEAL8,-0.0486396418199791,0.0205311875930435,0.302083624717983,TRUE,TRUE,FALSE,0.559415111816859,TRUE,FALSE,FALSE,FALSE,2,2,1,0,0,0.585246913580247,0.559415111816859,TRUE,TRUE,TRUE,TRUE,FALSE,FALSE,FALSE,stable_strict,other_or_unclassified,GSE63061|GSE85426|GSE140829,GSE63061|GSE140829
55299,BRIX1,"BRX1, biogenesis of ribosomes",92,ILMN_1679800,-0.26274081500909,0.26274081500909,6.22232480238885e-10,1.94843425783274e-12,AD_down,BRIX1,-0.134023765839252,3.46481083142123e-06,0.000281933592018692,TRUE,TRUE,TRUE,0.661065177708579,TRUE,BRIX1,-0.0849844055211682,0.437707995809676,0.848080139597873,TRUE,FALSE,FALSE,0.578024691358025,TRUE,BRIX1,-0.0760904346970012,0.00263845702758296,0.142503420608002,TRUE,TRUE,FALSE,0.593026333201006,TRUE,FALSE,FALSE,FALSE,2,2,1,0,0,0.593026333201006,0.578024691358025,TRUE,TRUE,TRUE,TRUE,FALSE,FALSE,FALSE,stable_strict,ribosomal_translation,GSE63061|GSE85426|GSE140829,GSE63061|GSE140829
84268,RPAIN,RPA interacting protein,93,ILMN_1770339,-0.298197488907954,0.298197488907954,6.29028541001503e-10,1.98612946769954e-12,AD_down,RPAIN,-0.13739609256237,5.06532252578575e-06,0.000365264386700022,TRUE,TRUE,TRUE,0.663964350907334,TRUE,RPAIN,-0.0559465675708677,0.562278981389615,0.887180557105448,TRUE,FALSE,FALSE,0.542037037037037,TRUE,RPAIN,-0.0549402278471093,0.044735990832998,0.386736663035427,TRUE,TRUE,FALSE,0.557077323452869,TRUE,FALSE,FALSE,FALSE,2,2,1,0,0,0.557077323452869,0.542037037037037,TRUE,TRUE,TRUE,TRUE,FALSE,FALSE,FALSE,stable_strict,other_or_unclassified,GSE63061|GSE85426|GSE140829,GSE63061|GSE140829
6633,SNRPD2,small nuclear ribonucleoprotein D2 polypeptide,96,ILMN_2369785,-0.579685442023776,0.579685442023776,6.91984687257659e-10,2.25713913436687e-12,AD_down,SNRPD2,-0.349408935971163,2.48896913173326e-07,4.12976824663751e-05,TRUE,TRUE,TRUE,0.670836465156233,TRUE,SNRPD2,-0.329982274670133,0.00629270499571897,0.473253149798637,TRUE,TRUE,FALSE,0.62,TRUE,SNRPD2,-0.0858238506157309,0.032510596262551,0.349950787505789,TRUE,TRUE,FALSE,0.547924661461779,TRUE,FALSE,FALSE,FALSE,2,2,2,0,0,0.62,0.547924661461779,TRUE,TRUE,TRUE,TRUE,FALSE,FALSE,FALSE,stable_strict,rna_processing,GSE63061|GSE85426|GSE140829,GSE63061|GSE85426|GSE140829
6154,RPL26,ribosomal protein L26,99,ILMN_1731546,-0.979339958887419,0.979339958887419,8.4917966417624e-10,2.85851930167358e-12,AD_down,RPL26,-0.567461491629947,9.73177270589593e-07,0.000113868844142709,TRUE,TRUE,TRUE,0.680983571351874,TRUE,RPL26,-0.0230984379492379,0.841135167025052,0.966847815734471,TRUE,FALSE,FALSE,0.523765432098766,TRUE,RPL26,-0.177726053243695,0.0496003721587554,0.397094107563445,TRUE,TRUE,FALSE,0.55379118697896,TRUE,FALSE,FALSE,FALSE,2,2,1,0,0,0.55379118697896,0.523765432098766,TRUE,TRUE,TRUE,TRUE,FALSE,FALSE,FALSE,stable_strict,ribosomal_translation,GSE63061|GSE85426|GSE140829,GSE63061|GSE140829
3945,LDHB,lactate dehydrogenase B,102,ILMN_1728132,-0.497360243768656,0.497360243768656,1.02844048229882e-09,3.54245977932896e-12,AD_down,LDHB,-0.273964615855429,3.98463546591726e-08,1.0645617753109e-05,TRUE,TRUE,TRUE,0.69617738644905,TRUE,LDHB,-0.293384495251127,0.0332333995227203,0.540491717944603,TRUE,TRUE,FALSE,0.604197530864198,TRUE,LDHB,-0.12517826238135,0.00326664563245956,0.153253555515235,TRUE,TRUE,FALSE,0.577036742975608,TRUE,FALSE,FALSE,FALSE,2,2,2,0,0,0.604197530864198,0.577036742975608,TRUE,TRUE,TRUE,TRUE,FALSE,FALSE,FALSE,stable_strict,other_or_unclassified,GSE63061|GSE85426|GSE140829,GSE63061|GSE85426|GSE140829
915,CD3D,CD3d molecule,106,ILMN_2325837,-0.576618970424699,0.576618970424699,1.17793193007785e-09,4.24180904834673e-12,AD_down,CD3D,-0.289214422933055,8.69383042964995e-06,0.000550838346985331,TRUE,TRUE,TRUE,0.647482014388489,TRUE,CD3D,-0.266919582731817,0.00712836138868874,0.473253149798637,TRUE,TRUE,FALSE,0.634259259259259,TRUE,CD3D,-0.0798535563487918,0.108059724727229,0.510619092086821,TRUE,FALSE,FALSE,0.550130122182524,TRUE,FALSE,FALSE,FALSE,2,2,1,0,0,0.634259259259259,0.550130122182524,TRUE,TRUE,TRUE,TRUE,FALSE,FALSE,FALSE,stable_strict,immune_inflammatory,GSE63061|GSE85426|GSE140829,GSE63061|GSE85426
1933,EEF1B2,eukaryotic translation elongation factor 1 beta 2,110,ILMN_2318725,-0.658471254216218,0.658471254216218,1.5950384119113e-09,6.07681248731929e-12,AD_down,EEF1B2,-0.374500677426494,1.65693443519721e-07,3.04061258340858e-05,TRUE,TRUE,TRUE,0.699345001610652,TRUE,EEF1B2,-0.153573846767452,0.250769336675609,0.757085907167186,TRUE,FALSE,FALSE,0.559444444444444,TRUE,EEF1B2,-0.139461462519904,0.0427120150812197,0.382327539251657,TRUE,TRUE,FALSE,0.579573022804464,TRUE,FALSE,FALSE,FALSE,2,2,1,0,0,0.579573022804464,0.559444444444444,TRUE,TRUE,TRUE,TRUE,FALSE,FALSE,FALSE,stable_strict,ribosomal_translation,GSE63061|GSE85426|GSE140829,GSE63061|GSE140829
84707,BEX2,brain expressed X-linked 2,117,ILMN_2181892,-0.283036631532104,0.283036631532104,3.02960337392624e-09,1.23328147365089e-11,AD_down,BEX2,-0.099302480456085,0.000177631705638972,0.00456319910479602,TRUE,TRUE,TRUE,0.655535273273918,TRUE,BEX2,-0.177780688683569,0.0865311451026927,0.616636894222148,TRUE,FALSE,FALSE,0.652407407407408,TRUE,BEX2,-0.0747969259831495,0.00452813702942047,0.175592768325775,TRUE,TRUE,FALSE,0.585748312822549,TRUE,FALSE,FALSE,FALSE,2,2,1,0,0,0.652407407407408,0.585748312822549,TRUE,TRUE,TRUE,TRUE,FALSE,FALSE,FALSE,stable_strict,other_or_unclassified,GSE63061|GSE85426|GSE140829,GSE63061|GSE140829
746,TMEM258,transmembrane protein 258,120,ILMN_1786759,-0.244875060483421,0.244875060483421,4.21842544183896e-09,1.78327050148195e-11,AD_down,TMEM258,-0.130074806772732,5.8947008039666e-06,0.00041395541900193,TRUE,TRUE,TRUE,0.656716417910448,TRUE,TMEM258,-0.230171264071533,0.00928384139939042,0.473253149798637,TRUE,TRUE,FALSE,0.616172839506173,TRUE,TMEM258,-0.0177252123526588,0.345249162978199,0.744241551224081,TRUE,FALSE,FALSE,0.508226368488377,TRUE,FALSE,FALSE,FALSE,2,2,1,0,0,0.616172839506173,0.508226368488377,TRUE,TRUE,TRUE,TRUE,FALSE,FALSE,FALSE,stable_strict,other_or_unclassified,GSE63061|GSE85426|GSE140829,GSE63061|GSE85426
6135,RPL11,ribosomal protein L11,129,ILMN_2114876,-0.464055249209586,0.464055249209586,8.10558283791707e-09,3.80722538183047e-11,AD_down,RPL11,-0.343132775412275,1.7092541082376e-08,5.87597797523675e-06,TRUE,TRUE,TRUE,0.70299581230538,TRUE,RPL11,-0.206865894852492,0.15971315174004,0.689117807010641,TRUE,FALSE,FALSE,0.559382716049383,TRUE,RPL11,-0.0614762306046996,0.0463489422942452,0.389989758135841,TRUE,TRUE,FALSE,0.555731992413215,TRUE,FALSE,FALSE,FALSE,2,2,1,0,0,0.559382716049383,0.555731992413215,TRUE,TRUE,TRUE,TRUE,FALSE,FALSE,FALSE,stable_strict,ribosomal_translation,GSE63061|GSE85426|GSE140829,GSE63061|GSE140829
3646,EIF3E,eukaryotic translation initiation factor 3 subunit E,131,ILMN_1739257,-0.572893727908792,0.572893727908792,9.79378910975135e-09,4.70240905013895e-11,AD_down,EIF3E,-0.383823696622031,1.16471526986976e-08,4.44532994666959e-06,TRUE,TRUE,TRUE,0.688499946311607,TRUE,EIF3E,-0.0887937916328525,0.596340685817882,0.904500406769099,TRUE,FALSE,FALSE,0.547222222222222,TRUE,EIF3E,-0.108337960236754,0.00531414132350882,0.183058029767829,TRUE,TRUE,FALSE,0.580455207092762,TRUE,FALSE,FALSE,FALSE,2,2,1,0,0,0.580455207092762,0.547222222222222,TRUE,TRUE,TRUE,TRUE,FALSE,FALSE,FALSE,stable_strict,ribosomal_translation,GSE63061|GSE85426|GSE140829,GSE63061|GSE140829
5689,PSMB1,proteasome subunit beta 1,133,ILMN_1789176,-0.354941265628633,0.354941265628633,1.22093094441736e-08,5.99616746054856e-11,AD_down,PSMB1,-0.180314124156601,1.05879704975486e-05,0.000638064537878586,TRUE,TRUE,TRUE,0.653656179533985,TRUE,PSMB1,-0.216114799237361,0.0498951218684641,0.570053578529035,TRUE,TRUE,FALSE,0.578950617283951,TRUE,PSMB1,-0.0225929859987751,0.382735965768372,0.769482783062312,TRUE,FALSE,FALSE,0.52642141943452,TRUE,FALSE,FALSE,FALSE,2,2,1,0,0,0.578950617283951,0.52642141943452,TRUE,TRUE,TRUE,TRUE,FALSE,FALSE,FALSE,stable_strict,proteostasis_ubiquitin,GSE63061|GSE85426|GSE140829,GSE63061|GSE85426
4026,LPP,LIM domain containing preferred translocation partner in lipoma,134,ILMN_1651254,0.232241064720384,0.232241064720384,1.22093094441736e-08,6.02150066528056e-11,AD_up,LPP,0.163203628408809,1.09926559579289e-09,6.77739519252311e-07,TRUE,TRUE,TRUE,0.718672822935681,TRUE,,,,,FALSE,FALSE,FALSE,,FALSE,LPP,0.0637661855718236,0.0227298923697406,0.313906223293997,TRUE,TRUE,FALSE,0.551850381544705,TRUE,FALSE,FALSE,FALSE,1,1,1,0,0,0.551850381544705,0.551850381544705,TRUE,TRUE,TRUE,TRUE,FALSE,FALSE,FALSE,stable_strict,other_or_unclassified,GSE63061|GSE140829,GSE63061|GSE140829
6144,RPL21,ribosomal protein L21,135,ILMN_2290808,-0.704005716418618,0.704005716418618,1.32215380956458e-08,6.58972333455546e-11,AD_down,RPL21,-0.452511110738329,2.49898640002395e-07,4.12976824663751e-05,TRUE,TRUE,TRUE,0.673681949962418,TRUE,RPL21,-0.041484101612231,0.671602443795389,0.922109480897771,TRUE,FALSE,FALSE,0.523456790123457,TRUE,RPL21,-0.173776407194343,0.0121968753627208,0.250252267678892,TRUE,TRUE,FALSE,0.547505623924838,TRUE,FALSE,FALSE,FALSE,2,2,1,0,0,0.547505623924838,0.523456790123457,TRUE,TRUE,TRUE,TRUE,FALSE,FALSE,FALSE,stable_strict,ribosomal_translation,GSE63061|GSE85426|GSE140829,GSE63061|GSE140829
84365,NIFK,nucleolar protein interacting with the FHA domain of MKI67,150,ILMN_1786189,-0.261530988199056,0.261530988199056,2.63123677963429e-08,1.47621707536499e-10,AD_down,NIFK,-0.133811210984037,4.99647159309381e-05,0.00191146630878769,TRUE,TRUE,TRUE,0.651401267046065,TRUE,NIFK,-0.306929236862495,0.0787055675344601,0.610821029064389,TRUE,FALSE,FALSE,0.586913580246914,TRUE,NIFK,-0.0716715366716834,0.00700403784195951,0.201043252320776,TRUE,TRUE,FALSE,0.57805125490715,TRUE,FALSE,FALSE,FALSE,2,2,1,0,0,0.586913580246914,0.57805125490715,TRUE,TRUE,TRUE,TRUE,FALSE,FALSE,FALSE,stable_strict,other_or_unclassified,GSE63061|GSE85426|GSE140829,GSE63061|GSE140829
6129,RPL7,ribosomal protein L7,152,ILMN_1815292,-0.338985657072579,0.338985657072579,3.28063748781441e-08,1.87479674816386e-10,AD_down,RPL7,-0.361867873206214,1.30246588986599e-06,0.000143003617907889,TRUE,TRUE,TRUE,0.686996671319661,TRUE,RPL7,-0.0978084231492043,0.453341861247458,0.852728354536179,TRUE,FALSE,FALSE,0.533148148148148,TRUE,RPL7,-0.105561974549426,0.048595898280098,0.393567692909791,TRUE,TRUE,FALSE,0.561620572537603,TRUE,FALSE,FALSE,FALSE,2,2,1,0,0,0.561620572537603,0.533148148148148,TRUE,TRUE,TRUE,TRUE,FALSE,FALSE,FALSE,stable_strict,ribosomal_translation,GSE63061|GSE85426|GSE140829,GSE63061|GSE140829
1163,CKS1B,CDC28 protein kinase regulatory subunit 1B,155,ILMN_1719256,-0.226652117623215,0.226652117623215,3.7142387626547e-08,2.18074140597387e-10,AD_down,CKS1B,-0.107685859169199,3.39218768155792e-06,0.000280292621316358,TRUE,TRUE,TRUE,0.659454525931494,TRUE,CKS1B,-0.246933692429044,0.00787883012282583,0.473253149798637,TRUE,TRUE,FALSE,0.632839506172839,TRUE,CKS1B,-0.0517522713618662,0.0185593512987484,0.292192261840232,TRUE,TRUE,FALSE,0.557187596488907,TRUE,FALSE,FALSE,FALSE,2,2,2,0,0,0.632839506172839,0.557187596488907,TRUE,TRUE,TRUE,TRUE,FALSE,FALSE,FALSE,stable_strict,other_or_unclassified,GSE63061|GSE85426|GSE140829,GSE63061|GSE85426|GSE140829
4190,MDH1,malate dehydrogenase 1,158,ILMN_1656913,-0.385872523629812,0.385872523629812,3.91699820538771e-08,2.35089397014554e-10,AD_down,MDH1,-0.201169574735367,2.58807210670657e-06,0.000237067404974322,TRUE,TRUE,TRUE,0.663105336626221,TRUE,MDH1,-0.00717641242731927,0.940271596727295,0.989909369712006,TRUE,FALSE,FALSE,0.532098765432099,TRUE,MDH1,-0.0544278164336503,0.0498856143257968,0.397369164851174,TRUE,TRUE,FALSE,0.548652463499625,TRUE,FALSE,FALSE,FALSE,2,2,1,0,0,0.548652463499625,0.532098765432099,TRUE,TRUE,TRUE,TRUE,FALSE,FALSE,FALSE,stable_strict,other_or_unclassified,GSE63061|GSE85426|GSE140829,GSE63061|GSE140829
5204,PFDN5,prefoldin subunit 5,159,ILMN_1755536,-0.642823154770431,0.642823154770431,3.9358046632858e-08,2.39299224086841e-10,AD_down,PFDN5,-0.376221237205707,1.62132747782428e-07,3.04061258340858e-05,TRUE,TRUE,TRUE,0.690271663266402,TRUE,PFDN5,-0.174323397169585,0.0605438384645593,0.582464160228238,TRUE,FALSE,FALSE,0.602283950617284,TRUE,PFDN5,-0.169375366615096,0.00459109133421994,0.175592768325775,TRUE,TRUE,FALSE,0.57935247673239,TRUE,FALSE,FALSE,FALSE,2,2,1,0,0,0.602283950617284,0.57935247673239,TRUE,TRUE,TRUE,TRUE,FALSE,FALSE,FALSE,stable_strict,other_or_unclassified,GSE63061|GSE85426|GSE140829,GSE63061|GSE140829
10436,EMG1,"EMG1, N1-specific pseudouridine methyltransferase",162,ILMN_1797074,-0.243447527197867,0.243447527197867,4.57051146321919e-08,2.85045728226446e-10,AD_down,EMG1,-0.111334109741026,3.37484585372726e-05,0.00143879731476724,TRUE,TRUE,TRUE,0.634274669816386,TRUE,EMG1,-0.381424308911295,0.0351954017925958,0.546775586414204,TRUE,TRUE,FALSE,0.605432098765432,TRUE,EMG1,-0.045597270420637,0.0639997208220325,0.433166544835226,TRUE,FALSE,FALSE,0.536301883463456,TRUE,FALSE,FALSE,FALSE,2,2,1,0,0,0.605432098765432,0.536301883463456,TRUE,TRUE,TRUE,TRUE,FALSE,FALSE,FALSE,stable_strict,immune_inflammatory,GSE63061|GSE85426|GSE140829,GSE63061|GSE85426
6152,RPL24,ribosomal protein L24,165,ILMN_2160388,-0.434898466380868,0.434898466380868,5.08521326933957e-08,3.27761514933165e-10,AD_down,RPL24,-0.266539560232766,3.74733068688337e-07,5.6977407058976e-05,TRUE,TRUE,TRUE,0.674970471384087,TRUE,RPL24,-0.032898420269855,0.763608106396505,0.94388864820722,TRUE,FALSE,FALSE,0.535432098765432,TRUE,RPL24,-0.105768908088165,0.00868838345780993,0.219433153775683,TRUE,TRUE,FALSE,0.560936879714172,TRUE,FALSE,FALSE,FALSE,2,2,1,0,0,0.560936879714172,0.535432098765432,TRUE,TRUE,TRUE,TRUE,FALSE,FALSE,FALSE,stable_strict,ribosomal_translation,GSE63061|GSE85426|GSE140829,GSE63061|GSE140829
9349,RPL23,ribosomal protein L23,170,ILMN_1755115,-0.636742428565442,0.636742428565442,5.76009886756917e-08,3.81782034435199e-10,AD_down,RPL23,-0.46330437802824,2.89889096594481e-06,0.000253930175869374,TRUE,TRUE,TRUE,0.670621711585955,TRUE,RPL23,-0.112499720477285,0.429538426698055,0.84606609862054,TRUE,FALSE,FALSE,0.523456790123457,TRUE,RPL23,-0.185935126695447,0.0227358046594461,0.313906223293997,TRUE,TRUE,FALSE,0.568545719200741,TRUE,FALSE,FALSE,FALSE,2,2,1,0,0,0.568545719200741,0.523456790123457,TRUE,TRUE,TRUE,TRUE,FALSE,FALSE,FALSE,stable_strict,ribosomal_translation,GSE63061|GSE85426|GSE140829,GSE63061|GSE140829
80305,TRABD,TraB domain containing,172,ILMN_1755737,0.206431140771901,0.206431140771901,5.87471062748666e-08,3.92108951541427e-10,AD_up,TRABD,0.0691239905096546,0.018002727504608,0.112053647794564,TRUE,TRUE,FALSE,0.595672715558896,TRUE,TRABD,0.254482033971559,0.0462343523486804,0.569265846204261,TRUE,TRUE,FALSE,0.576296296296296,TRUE,TRABD,0.0114396992777642,0.557385151817291,0.856538056143027,TRUE,FALSE,FALSE,0.510939085174893,TRUE,FALSE,FALSE,FALSE,2,2,1,0,0,0.576296296296296,0.510939085174893,TRUE,TRUE,TRUE,TRUE,FALSE,FALSE,FALSE,stable_strict,other_or_unclassified,GSE63061|GSE85426|GSE140829,GSE63061|GSE85426
5356,PLRG1,pleiotropic regulator 1,180,ILMN_1749634,-0.228116716937464,0.228116716937464,9.14920031764021e-08,6.61324692862152e-10,AD_down,PLRG1,-0.129047854741571,8.4394202320681e-06,0.000546929989853006,TRUE,TRUE,TRUE,0.66213894555997,TRUE,PLRG1,-0.180613167633426,0.2290351368229,0.742468785794296,TRUE,FALSE,FALSE,0.557037037037037,TRUE,PLRG1,-0.0474366388800912,0.0340644110980171,0.357177943809585,TRUE,TRUE,FALSE,0.55473953508888,TRUE,FALSE,FALSE,FALSE,2,2,1,0,0,0.557037037037037,0.55473953508888,TRUE,TRUE,TRUE,TRUE,FALSE,FALSE,FALSE,stable_strict,other_or_unclassified,GSE63061|GSE85426|GSE140829,GSE63061|GSE140829
10632,ATP5L,"ATP synthase, H+ transporting, mitochondrial Fo complex subunit G",190,ILMN_1812638,-0.432953489130176,0.432953489130176,2.49196908970818e-07,2.04185140172321e-09,AD_down,ATP5L,-0.256050460033422,4.19246271856109e-08,1.10172421932023e-05,TRUE,TRUE,TRUE,0.676473746376034,TRUE,ATP5L,-0.157937410051507,0.162862895007355,0.689410941407983,TRUE,FALSE,FALSE,0.578950617283951,TRUE,ATP5L,-0.100995595033604,0.0085697696277063,0.217468106409747,TRUE,TRUE,FALSE,0.570618852278241,TRUE,FALSE,FALSE,FALSE,2,2,1,0,0,0.578950617283951,0.570618852278241,TRUE,TRUE,TRUE,TRUE,FALSE,FALSE,FALSE,stable_strict,mitochondrial_oxphos,GSE63061|GSE85426|GSE140829,GSE63061|GSE140829
8883,NAE1,NEDD8 activating enzyme E1 subunit 1,203,ILMN_1689665,-0.245596514974172,0.245596514974172,4.78416054319313e-07,4.31707714236105e-09,AD_down,NAE1,-0.125181593424439,0.00014644185490982,0.00410395617867905,TRUE,TRUE,TRUE,0.635241060882637,TRUE,NAE1,-0.0752236717007835,0.50088618650248,0.864911644160932,TRUE,FALSE,FALSE,0.546604938271605,TRUE,NAE1,-0.0642274191839471,0.0286540896303447,0.336772662570121,TRUE,TRUE,FALSE,0.554232279123109,TRUE,FALSE,FALSE,FALSE,2,2,1,0,0,0.554232279123109,0.546604938271605,TRUE,TRUE,TRUE,TRUE,FALSE,FALSE,FALSE,stable_strict,other_or_unclassified,GSE63061|GSE85426|GSE140829,GSE63061|GSE140829
6232,RPS27,ribosomal protein S27,206,ILMN_1696839,-0.791665716678494,0.791665716678494,5.61836123567842e-07,5.2046298175091e-09,AD_down,RPS27,-0.552271554915582,2.71236085333454e-07,4.30486578999532e-05,TRUE,TRUE,TRUE,0.668420487490605,TRUE,RPS27,-0.30840953000476,0.0480563606175389,0.569870870456732,TRUE,TRUE,FALSE,0.607407407407407,TRUE,RPS27,-0.0488957297636827,0.215686719220257,0.638741600870475,TRUE,FALSE,FALSE,0.530832340876009,TRUE,FALSE,FALSE,FALSE,2,2,1,0,0,0.607407407407407,0.530832340876009,TRUE,TRUE,TRUE,TRUE,FALSE,FALSE,FALSE,stable_strict,ribosomal_translation,GSE63061|GSE85426|GSE140829,GSE63061|GSE85426
5791,PTPRE,"protein tyrosine phosphatase, receptor type E",215,ILMN_1734543,0.212453951260527,0.212453951260527,1.05529937188016e-06,1.05193977365017e-08,AD_up,PTPRE,0.161109535809854,9.4573877909278e-06,0.000583084331879126,TRUE,TRUE,TRUE,0.654085686674541,TRUE,PTPRE,0.0107546984535081,0.936723667204618,0.989502453403072,TRUE,FALSE,FALSE,0.508888888888889,TRUE,PTPRE,0.060870223974987,0.0181908823262704,0.29110874449458,TRUE,TRUE,FALSE,0.561885227824092,TRUE,FALSE,FALSE,FALSE,2,2,1,0,0,0.561885227824092,0.508888888888889,TRUE,TRUE,TRUE,TRUE,FALSE,FALSE,FALSE,stable_strict,other_or_unclassified,GSE63061|GSE85426|GSE140829,GSE63061|GSE140829
23550,PSD4,pleckstrin and Sec7 domain containing 4,216,ILMN_2154115,0.235516283790337,0.235516283790337,1.10472799253709e-06,1.10985929003387e-08,AD_up,PSD4,0.09422029849071,0.000596618696291714,0.0108354645891666,TRUE,TRUE,TRUE,0.626382476108665,TRUE,PSD4,0.284398762744272,0.0135329988497876,0.481199185744497,TRUE,TRUE,FALSE,0.603456790123457,TRUE,PSD4,0.0559428339249863,0.0454790038832269,0.388897945929725,TRUE,TRUE,FALSE,0.553923514622205,TRUE,FALSE,FALSE,FALSE,2,2,2,0,0,0.603456790123457,0.553923514622205,TRUE,TRUE,TRUE,TRUE,FALSE,FALSE,FALSE,stable_strict,other_or_unclassified,GSE63061|GSE85426|GSE140829,GSE63061|GSE85426|GSE140829
132299,OCIAD2,OCIA domain containing 2,219,ILMN_1700306,-0.272302067867086,0.272302067867086,1.18431059610488e-06,1.21144448012398e-08,AD_down,OCIAD2,-0.151734553194213,5.85631768406013e-07,7.82306437295699e-05,TRUE,TRUE,TRUE,0.668420487490605,TRUE,OCIAD2,-0.237445467810866,0.0146607485380377,0.481199185744497,TRUE,TRUE,FALSE,0.618827160493827,TRUE,OCIAD2,-0.0845425126710548,0.00647601329617497,0.195712711844895,TRUE,TRUE,FALSE,0.586476114860394,TRUE,FALSE,FALSE,FALSE,2,2,2,0,0,0.618827160493827,0.586476114860394,TRUE,TRUE,TRUE,TRUE,FALSE,FALSE,FALSE,stable_strict,other_or_unclassified,GSE63061|GSE85426|GSE140829,GSE63061|GSE85426|GSE140829
5917,RARS,arginyl-tRNA synthetase,220,ILMN_1751378,-0.203086783638014,0.203086783638014,1.21160316107682e-06,1.24884726430078e-08,AD_down,RARS,-0.082183794037708,2.29535634860716e-05,0.00108434361661803,TRUE,TRUE,TRUE,0.65188446257919,TRUE,RARS,-0.136094772545444,0.255308296659118,0.7595203406512,TRUE,FALSE,FALSE,0.568148148148148,TRUE,RARS,-0.0349175252604064,0.0279719284619309,0.334726457458874,TRUE,TRUE,FALSE,0.554695425874465,TRUE,FALSE,FALSE,FALSE,2,2,1,0,0,0.568148148148148,0.554695425874465,TRUE,TRUE,TRUE,TRUE,FALSE,FALSE,FALSE,stable_strict,other_or_unclassified,GSE63061|GSE85426|GSE140829,GSE63061|GSE140829
51188,SS18L2,SS18 like 2,235,ILMN_1796407,-0.385992324028182,0.385992324028182,1.74725625008022e-06,1.92756068533785e-08,AD_down,SS18L2,-0.224853305587979,5.70232363262576e-06,0.000402679505863396,TRUE,TRUE,TRUE,0.653709867926554,TRUE,SS18L2,-0.225355964277727,0.0299027747149098,0.531292152711938,TRUE,TRUE,FALSE,0.606049382716049,TRUE,SS18L2,-0.0433545300377403,0.232682520605265,0.655193661261079,TRUE,FALSE,FALSE,0.538838163292312,TRUE,FALSE,FALSE,FALSE,2,2,1,0,0,0.606049382716049,0.538838163292312,TRUE,TRUE,TRUE,TRUE,FALSE,FALSE,FALSE,stable_strict,other_or_unclassified,GSE63061|GSE85426|GSE140829,GSE63061|GSE85426
6224,RPS20,ribosomal protein S20,237,ILMN_1701596,-0.384582445938332,0.384582445938332,1.89298380066035e-06,2.12900166506083e-08,AD_down,RPS20,-0.271724314535569,1.52142298701533e-07,2.90338220022093e-05,TRUE,TRUE,TRUE,0.676420057983464,TRUE,RPS20,-0.167081155112838,0.230356511438025,0.743750599591619,TRUE,FALSE,FALSE,0.563765432098765,TRUE,RPS20,-0.114163690519225,0.00584027646628025,0.187536354257601,TRUE,TRUE,FALSE,0.578448237836884,TRUE,FALSE,FALSE,FALSE,2,2,1,0,0,0.578448237836884,0.563765432098765,TRUE,TRUE,TRUE,TRUE,FALSE,FALSE,FALSE,stable_strict,ribosomal_translation,GSE63061|GSE85426|GSE140829,GSE63061|GSE140829
170622,COMMD6,COMM domain containing 6,239,ILMN_1777378,-0.803438456238976,0.803438456238976,2.20108416379631e-06,2.52720899762636e-08,AD_down,COMMD6,-0.388831401074757,8.41555167736303e-05,0.0027418962070758,TRUE,TRUE,TRUE,0.629657468055406,TRUE,COMMD6,-0.241772341360007,0.0287222717261306,0.531292152711938,TRUE,TRUE,FALSE,0.620555555555556,TRUE,COMMD6,-0.118185661310178,0.206112029124881,0.626454228789104,TRUE,FALSE,FALSE,0.542168408980636,TRUE,FALSE,FALSE,FALSE,2,2,1,0,0,0.620555555555556,0.542168408980636,TRUE,TRUE,TRUE,TRUE,FALSE,FALSE,FALSE,stable_strict,other_or_unclassified,GSE63061|GSE85426|GSE140829,GSE63061|GSE85426
6125,RPL5,ribosomal protein L5,249,ILMN_2087080,-0.430325384849014,0.430325384849014,3.34641833850076e-06,4.10421329548394e-08,AD_down,RPL5,-0.215336935206308,1.18631970556285e-05,0.000691516541097179,TRUE,TRUE,TRUE,0.664715988403307,TRUE,RPL5,-0.0379315913664355,0.753580226573814,0.940600535211906,TRUE,FALSE,FALSE,0.539444444444444,TRUE,RPL5,-0.163725862450763,0.000757662167780143,0.084704511023085,TRUE,TRUE,FALSE,0.584226544925235,TRUE,FALSE,FALSE,FALSE,2,2,1,0,0,0.584226544925235,0.539444444444444,TRUE,TRUE,TRUE,TRUE,FALSE,FALSE,FALSE,stable_strict,ribosomal_translation,GSE63061|GSE85426|GSE140829,GSE63061|GSE140829
100008589,RNA28S5,"RNA, 28S ribosomal 5",250,ILMN_1733559,1.04242152836733,1.04242152836733,3.35491749168174e-06,4.12339162512943e-08,AD_up,RNA28S5,0.529037014010368,0.000382635785434617,0.00776411600065432,TRUE,TRUE,TRUE,0.623107484161924,TRUE,RNA28S5,0.725741055718243,0.0027033166453495,0.463736106019207,TRUE,TRUE,FALSE,0.605185185185185,TRUE,RNA28S5,,,,FALSE,FALSE,FALSE,,FALSE,FALSE,FALSE,FALSE,1,1,1,0,0,0.605185185185185,0.605185185185185,TRUE,TRUE,TRUE,TRUE,FALSE,FALSE,FALSE,stable_strict,ribosomal_translation,GSE63061|GSE85426,GSE63061|GSE85426
6165,RPL35A,ribosomal protein L35a,253,ILMN_1756360,-0.35337284526901,0.35337284526901,3.94412119333871e-06,4.9607703543376e-08,AD_down,RPL35A,-0.22545074969688,8.53270254189122e-07,0.000104411619653829,TRUE,TRUE,TRUE,0.668098357135187,TRUE,RPL35A,-0.115637011232575,0.453944300846359,0.852728354536179,TRUE,FALSE,FALSE,0.550185185185185,TRUE,RPL35A,-0.119011459720816,0.00745328347617466,0.206867435648618,TRUE,TRUE,FALSE,0.572250893211592,TRUE,FALSE,FALSE,FALSE,2,2,1,0,0,0.572250893211592,0.550185185185185,TRUE,TRUE,TRUE,TRUE,FALSE,FALSE,FALSE,stable_strict,ribosomal_translation,GSE63061|GSE85426|GSE140829,GSE63061|GSE140829
2629,GBA,glucosylceramidase beta,263,ILMN_2364110,0.218699492843149,0.218699492843149,6.05008318256718e-06,8.1937090228912e-08,AD_up,GBA,0.0677453330243604,0.0224465333665217,0.128094670653379,TRUE,TRUE,FALSE,0.589659615591109,TRUE,GBA,0.0533326861476546,0.602918029777902,0.906063574733295,TRUE,FALSE,FALSE,0.509938271604938,TRUE,GBA,0.101896811251391,8.83552450448289e-05,0.0334613622205832,TRUE,TRUE,TRUE,0.603414053195713,TRUE,FALSE,FALSE,FALSE,2,2,1,1,0,0.603414053195713,0.509938271604938,TRUE,TRUE,TRUE,TRUE,FALSE,FALSE,FALSE,stable_strict,other_or_unclassified,GSE63061|GSE85426|GSE140829,GSE63061|GSE140829
23218,NBEAL2,neurobeachin like 2,264,ILMN_1660629,0.269263723774575,0.269263723774575,6.10204624519187e-06,8.28000638667024e-08,AD_up,NBEAL2,0.230011976553607,2.58008315751237e-11,3.44656108457694e-08,TRUE,TRUE,TRUE,0.727638784494792,TRUE,NBEAL2,0.115747108474119,0.259992994765483,0.76121243519416,TRUE,FALSE,FALSE,0.564320987654321,TRUE,NBEAL2,0.0704565610716778,0.0135742615613862,0.257687565545189,TRUE,TRUE,FALSE,0.569516121917869,TRUE,FALSE,FALSE,FALSE,2,2,1,0,0,0.569516121917869,0.564320987654321,TRUE,TRUE,TRUE,TRUE,FALSE,FALSE,FALSE,stable_strict,other_or_unclassified,GSE63061|GSE85426|GSE140829,GSE63061|GSE140829
6136,RPL12,ribosomal protein L12,268,ILMN_1653469,-0.257195024354915,0.257195024354915,7.20120693366362e-06,9.94060452979504e-08,AD_down,RPL12,-0.16339260846417,9.39768403087505e-07,0.000111588796307353,TRUE,TRUE,TRUE,0.658058627724686,TRUE,RPL12,-0.167624203906974,0.166022385875318,0.69201615386206,TRUE,FALSE,FALSE,0.591975308641975,TRUE,RPL12,-0.0851207715804208,0.000400380102185037,0.0662859230467794,TRUE,TRUE,FALSE,0.594636319527149,TRUE,FALSE,FALSE,FALSE,2,2,1,0,0,0.594636319527149,0.591975308641975,TRUE,TRUE,TRUE,TRUE,FALSE,FALSE,FALSE,stable_strict,ribosomal_translation,GSE63061|GSE85426|GSE140829,GSE63061|GSE140829
114785,MBD6,methyl-CpG binding domain protein 6,269,ILMN_1746012,0.285615920011688,0.285615920011688,7.94488841873794e-06,1.10957985695322e-07,AD_up,MBD6,0.207016897097586,6.03700598328568e-07,7.99778561256773e-05,TRUE,TRUE,TRUE,0.677815956190272,TRUE,MBD6,0.140766715410828,0.154737772656272,0.687659975111502,TRUE,FALSE,FALSE,0.526913580246914,TRUE,MBD6,0.0883140619119314,0.00513743990402546,0.182045831580959,TRUE,TRUE,FALSE,0.570508579242204,TRUE,FALSE,FALSE,FALSE,2,2,1,0,0,0.570508579242204,0.526913580246914,TRUE,TRUE,TRUE,TRUE,FALSE,FALSE,FALSE,stable_strict,other_or_unclassified,GSE63061|GSE85426|GSE140829,GSE63061|GSE140829
9978,RBX1,ring-box 1,299,ILMN_1666670,-0.397755788455287,0.397755788455287,1.8328677194724e-05,2.99882067770262e-07,AD_down,RBX1,-0.228800008563924,1.7762097264974e-05,0.000906449114525182,TRUE,TRUE,TRUE,0.645227101900569,TRUE,RBX1,-0.275887444076396,0.00668166933362307,0.473253149798637,TRUE,TRUE,FALSE,0.632716049382716,TRUE,RBX1,-0.0933446144227202,0.0693830371545427,0.443891483242621,TRUE,FALSE,FALSE,0.552357637510476,TRUE,FALSE,FALSE,FALSE,2,2,1,0,0,0.632716049382716,0.552357637510476,TRUE,TRUE,TRUE,TRUE,FALSE,FALSE,FALSE,stable_strict,other_or_unclassified,GSE63061|GSE85426|GSE140829,GSE63061|GSE85426
56942,CMC2,C-X9-C motif containing 2,300,ILMN_1783333,-0.277249530188643,0.277249530188643,1.94447251424896e-05,3.19156936345337e-07,AD_down,CMC2,-0.132614005835459,0.000439965277166379,0.00865355017543196,TRUE,TRUE,TRUE,0.610651777085794,TRUE,CMC2,-0.166328658031539,0.041336311297199,0.555845932033816,TRUE,TRUE,FALSE,0.595925925925926,TRUE,CMC2,-0.032740152611969,0.376080311334826,0.765563827734152,TRUE,FALSE,FALSE,0.529332627585903,TRUE,FALSE,FALSE,FALSE,2,2,1,0,0,0.595925925925926,0.529332627585903,TRUE,TRUE,TRUE,TRUE,FALSE,FALSE,FALSE,stable_strict,other_or_unclassified,GSE63061|GSE85426|GSE140829,GSE63061|GSE85426
6916,TBXAS1,thromboxane A synthase 1,304,ILMN_2282641,0.218255958612878,0.218255958612878,2.38910984323767e-05,4.02112585169953e-07,AD_up,TBXAS1,0.111293649828083,0.00135207497189265,0.0187814227031535,TRUE,TRUE,TRUE,0.625469773434983,TRUE,TBXAS1,0.0913004282373524,0.451623008601107,0.851783286833,TRUE,FALSE,FALSE,0.530864197530864,TRUE,TBXAS1,0.056367520192158,0.0465181358821443,0.390433627837482,TRUE,TRUE,FALSE,0.564862599797098,TRUE,FALSE,FALSE,FALSE,2,2,1,0,0,0.564862599797098,0.530864197530864,TRUE,TRUE,TRUE,TRUE,FALSE,FALSE,FALSE,stable_strict,other_or_unclassified,GSE63061|GSE85426|GSE140829,GSE63061|GSE140829
6124,RPL4,ribosomal protein L4,311,ILMN_1752285,-0.310680544495576,0.310680544495576,2.91947229224979e-05,5.0509110426429e-07,AD_down,RPL4,-0.264680770164188,4.27729113985462e-08,1.10588672535274e-05,TRUE,TRUE,TRUE,0.680876194566735,TRUE,RPL4,-0.139430015425012,0.377901182809929,0.818591738358482,TRUE,FALSE,FALSE,0.540679012345679,TRUE,RPL4,-0.0889151605013402,0.00959204457363485,0.228597553246009,TRUE,TRUE,FALSE,0.574368135503507,TRUE,FALSE,FALSE,FALSE,2,2,1,0,0,0.574368135503507,0.540679012345679,TRUE,TRUE,TRUE,TRUE,FALSE,FALSE,FALSE,stable_strict,ribosomal_translation,GSE63061|GSE85426|GSE140829,GSE63061|GSE140829
3101,HK3,hexokinase 3,313,ILMN_1670302,0.245696241059703,0.245696241059703,3.0094704097377e-05,5.23017403289313e-07,AD_up,HK3,0.156834882806725,1.65726620775828e-05,0.000862750672131324,TRUE,TRUE,TRUE,0.654085686674541,TRUE,HK3,0.342222488075711,0.0212676558787168,0.506681985711345,TRUE,TRUE,FALSE,0.577037037037037,TRUE,HK3,0.118798135176929,0.000277513888646653,0.0561596776935954,TRUE,TRUE,FALSE,0.598584094217282,TRUE,FALSE,FALSE,FALSE,2,2,2,0,0,0.598584094217282,0.577037037037037,TRUE,TRUE,TRUE,TRUE,FALSE,FALSE,FALSE,stable_strict,other_or_unclassified,GSE63061|GSE85426|GSE140829,GSE63061|GSE85426|GSE140829
11224,RPL35,ribosomal protein L35,318,ILMN_2142815,-0.362873555539964,0.362873555539964,3.44283038148994e-05,6.1719755547299e-07,AD_down,RPL35,-0.2644140272687,1.51421739150202e-05,0.000809096826192581,TRUE,TRUE,TRUE,0.642918501020079,TRUE,RPL35,-0.206722371693904,0.148227672303177,0.684657370244503,TRUE,FALSE,FALSE,0.569691358024691,TRUE,RPL35,-0.103815859301536,0.0106229653440786,0.235862709758062,TRUE,TRUE,FALSE,0.566384367694411,TRUE,FALSE,FALSE,FALSE,2,2,1,0,0,0.569691358024691,0.566384367694411,TRUE,TRUE,TRUE,TRUE,FALSE,FALSE,FALSE,stable_strict,ribosomal_translation,GSE63061|GSE85426|GSE140829,GSE63061|GSE140829
6191,RPS4X,"ribosomal protein S4, X-linked",320,ILMN_2166831,-0.272774250806574,0.272774250806574,4.32767888724123e-05,8.06315621703001e-07,AD_down,RPS4X,-0.200355563589778,2.65979693767677e-06,0.00024088443452519,TRUE,TRUE,TRUE,0.636207451948889,TRUE,RPS4X,-0.30025785685705,0.0313553272812727,0.53903178373736,TRUE,TRUE,FALSE,0.60358024691358,TRUE,RPS4X,-0.0839113108314592,0.000630161314770485,0.0831793221916913,TRUE,TRUE,FALSE,0.580543425521591,TRUE,FALSE,FALSE,FALSE,2,2,2,0,0,0.60358024691358,0.580543425521591,TRUE,TRUE,TRUE,TRUE,FALSE,FALSE,FALSE,stable_strict,ribosomal_translation,GSE63061|GSE85426|GSE140829,GSE63061|GSE85426|GSE140829
6156,RPL30,ribosomal protein L30,325,ILMN_1754303,-0.318995890198392,0.318995890198392,4.92562408199073e-05,9.44714185132088e-07,AD_down,RPL30,-0.278887775185619,6.46094988390102e-07,8.3523408579785e-05,TRUE,TRUE,TRUE,0.664715988403307,TRUE,RPL30,-0.136197819972814,0.237489696714765,0.746711660365146,TRUE,FALSE,FALSE,0.589444444444444,TRUE,RPL30,-0.0788180459486789,0.0176669717231346,0.287619019284881,TRUE,TRUE,FALSE,0.562745357505183,TRUE,FALSE,FALSE,FALSE,2,2,1,0,0,0.589444444444444,0.562745357505183,TRUE,TRUE,TRUE,TRUE,FALSE,FALSE,FALSE,stable_strict,ribosomal_translation,GSE63061|GSE85426|GSE140829,GSE63061|GSE140829
9170,LPAR2,lysophosphatidic acid receptor 2,338,ILMN_1662741,0.254910776259708,0.254910776259708,7.75692460190149e-05,1.60717032876932e-06,AD_up,LPAR2,0.195944091510355,1.93650178461477e-06,0.000192808221163819,TRUE,TRUE,TRUE,0.682970041876946,TRUE,LPAR2,0.106189646008253,0.447159110284608,0.84965793258924,TRUE,FALSE,FALSE,0.514320987654321,TRUE,LPAR2,0.074996724506571,0.0216199330872195,0.308055142839017,TRUE,TRUE,FALSE,0.556922941202417,TRUE,FALSE,FALSE,FALSE,2,2,1,0,0,0.556922941202417,0.514320987654321,TRUE,TRUE,TRUE,TRUE,FALSE,FALSE,FALSE,stable_strict,other_or_unclassified,GSE63061|GSE85426|GSE140829,GSE63061|GSE140829
8408,ULK1,unc-51 like autophagy activating kinase 1,344,ILMN_1705144,0.215253298779339,0.215253298779339,9.05016456988943e-05,1.95069044797471e-06,AD_up,ULK1,0.13996957578875,0.000596800800248737,0.0108354645891666,TRUE,TRUE,TRUE,0.630838612691936,TRUE,ULK1,0.0179317065165184,0.86705107699812,0.974392506743299,TRUE,FALSE,FALSE,0.505987654320988,TRUE,ULK1,0.0731685298484004,0.00917052616362483,0.224729897326094,TRUE,TRUE,FALSE,0.562370429182656,TRUE,FALSE,FALSE,FALSE,2,2,1,0,0,0.562370429182656,0.505987654320988,TRUE,TRUE,TRUE,TRUE,FALSE,FALSE,FALSE,stable_strict,other_or_unclassified,GSE63061|GSE85426|GSE140829,GSE63061|GSE140829
6171,RPL41,ribosomal protein L41,345,ILMN_2331890,-0.416655124301412,0.416655124301412,9.33845429314547e-05,2.03232369930675e-06,AD_down,RPL41,-0.478578952619731,9.95848029144952e-08,2.05080587425796e-05,TRUE,TRUE,TRUE,0.679211854397079,TRUE,RPL41,-0.159144109709302,0.257304479183646,0.7595203406512,TRUE,FALSE,FALSE,0.553148148148148,TRUE,RPL41,-0.0648882720153528,0.0342286095502318,0.357475140607209,TRUE,TRUE,FALSE,0.551299016364519,TRUE,FALSE,FALSE,FALSE,2,2,1,0,0,0.553148148148148,0.551299016364519,TRUE,TRUE,TRUE,TRUE,FALSE,FALSE,FALSE,stable_strict,ribosomal_translation,GSE63061|GSE85426|GSE140829,GSE63061|GSE140829
9489,PGS1,phosphatidylglycerophosphate synthase 1,363,ILMN_2075051,0.200538093213489,0.200538093213489,0.000191035312042626,4.69088848786888e-06,AD_up,PGS1,0.0848681572861767,0.00279920665234507,0.0310556515397122,TRUE,TRUE,TRUE,0.607269408353914,TRUE,PGS1,0.409556516925236,0.000197965736669783,0.292532661304151,TRUE,TRUE,FALSE,0.639753086419753,TRUE,PGS1,0.0293044883555975,0.272909966049507,0.687950144883923,TRUE,FALSE,FALSE,0.530148648052578,TRUE,FALSE,FALSE,FALSE,2,2,1,0,0,0.639753086419753,0.530148648052578,TRUE,TRUE,TRUE,TRUE,FALSE,FALSE,FALSE,stable_strict,other_or_unclassified,GSE63061|GSE85426|GSE140829,GSE63061|GSE85426
8673,VAMP8,vesicle associated membrane protein 8,364,ILMN_2190084,-0.280404039032461,0.280404039032461,0.000191686764079762,4.7118869517023e-06,AD_down,VAMP8,-0.19219027534501,2.76267845765088e-06,0.000247448912708099,TRUE,TRUE,TRUE,0.645710297433695,TRUE,VAMP8,-0.288090944663134,0.013564248961666,0.481199185744497,TRUE,TRUE,FALSE,0.607777777777778,TRUE,VAMP8,-0.0360696314572118,0.217867370633681,0.640287945218273,TRUE,FALSE,FALSE,0.528538661726435,TRUE,FALSE,FALSE,FALSE,2,2,1,0,0,0.607777777777778,0.528538661726435,TRUE,TRUE,TRUE,TRUE,FALSE,FALSE,FALSE,stable_strict,other_or_unclassified,GSE63061|GSE85426|GSE140829,GSE63061|GSE85426
23569,PADI4,peptidyl arginine deiminase 4,371,ILMN_1807529,0.304402406928217,0.304402406928217,0.000277196544996974,7.32015300707003e-06,AD_up,PADI4,0.21765476378461,0.000410286173335135,0.00817004640815181,TRUE,TRUE,TRUE,0.636636959089445,TRUE,,,,,FALSE,FALSE,FALSE,,FALSE,PADI4,0.150304676478845,0.00266145040270915,0.142808840913421,TRUE,TRUE,FALSE,0.57511799214856,TRUE,FALSE,FALSE,FALSE,1,1,1,0,0,0.57511799214856,0.57511799214856,TRUE,TRUE,TRUE,TRUE,FALSE,FALSE,FALSE,stable_strict,other_or_unclassified,GSE63061|GSE140829,GSE63061|GSE140829
6001,RGS10,regulator of G-protein signaling 10,378,ILMN_1733538,-0.318907523990737,0.318907523990737,0.00038540793969759,1.09119465208467e-05,AD_down,RGS10,-0.147969121791275,0.00140117881633293,0.0191648561286836,TRUE,TRUE,TRUE,0.608396864597874,TRUE,RGS10,-0.156281959976839,0.221047978720085,0.735444806825151,TRUE,FALSE,FALSE,0.566111111111111,TRUE,RGS10,-0.155061975475865,0.000159056002840224,0.0438418675414942,TRUE,TRUE,TRUE,0.599422169291165,TRUE,FALSE,FALSE,FALSE,2,2,1,1,0,0.599422169291165,0.566111111111111,TRUE,TRUE,TRUE,TRUE,FALSE,FALSE,FALSE,stable_strict,other_or_unclassified,GSE63061|GSE85426|GSE140829,GSE63061|GSE140829
23031,MAST3,microtubule associated serine/threonine kinase 3,381,ILMN_1738749,0.219402507937115,0.219402507937115,0.000436472924478448,1.27677612948265e-05,AD_up,MAST3,0.154421766409034,6.17273833030061e-05,0.00220166226824307,TRUE,TRUE,TRUE,0.637925480511114,TRUE,MAST3,0.0038370774237836,0.977579668826742,0.995977886655855,TRUE,FALSE,FALSE,0.494197530864198,TRUE,MAST3,0.0992263124296764,0.00326117117630384,0.153253555515235,TRUE,TRUE,FALSE,0.576661814653081,TRUE,FALSE,FALSE,FALSE,2,2,1,0,0,0.576661814653081,0.494197530864198,TRUE,TRUE,TRUE,TRUE,FALSE,FALSE,FALSE,stable_strict,other_or_unclassified,GSE63061|GSE85426|GSE140829,GSE63061|GSE140829
6189,RPS3A,ribosomal protein S3A,383,ILMN_1657722,-0.556010713899271,0.556010713899271,0.000451560995081229,1.33387361419537e-05,AD_down,RPS3A,-0.517361419117879,2.80029300454138e-05,0.00125738646674505,TRUE,TRUE,TRUE,0.647482014388489,TRUE,RPS3A,-0.100398881172365,0.377594881960811,0.818591738358482,TRUE,FALSE,FALSE,0.560864197530864,TRUE,RPS3A,-0.203833117736836,0.0146547857202031,0.265329625491377,TRUE,TRUE,FALSE,0.573088968285475,TRUE,FALSE,FALSE,FALSE,2,2,1,0,0,0.573088968285475,0.560864197530864,TRUE,TRUE,TRUE,TRUE,FALSE,FALSE,FALSE,stable_strict,ribosomal_translation,GSE63061|GSE85426|GSE140829,GSE63061|GSE140829
2205,FCER1A,Fc fragment of IgE receptor Ia,389,ILMN_1688423,-0.43323392102203,0.43323392102203,0.000557067694550185,1.71676046987049e-05,AD_down,FCER1A,-0.270902993330862,0.000328955970459685,0.00698432345227649,TRUE,TRUE,TRUE,0.620584129711156,TRUE,FCER1A,-0.269282876130661,0.160277913138821,0.689117807010641,TRUE,FALSE,FALSE,0.561296296296296,TRUE,FCER1A,-0.170550356418258,0.0213818521865048,0.307222985718479,TRUE,TRUE,FALSE,0.562987958184465,TRUE,FALSE,FALSE,FALSE,2,2,1,0,0,0.562987958184465,0.561296296296296,TRUE,TRUE,TRUE,TRUE,FALSE,FALSE,FALSE,stable_strict,other_or_unclassified,GSE63061|GSE85426|GSE140829,GSE63061|GSE140829
7439,BEST1,bestrophin 1,391,ILMN_1718982,0.218912642267077,0.218912642267077,0.000632121507170645,1.99589536996107e-05,AD_up,BEST1,0.117912443710591,0.000360071108222214,0.00744766434168011,TRUE,TRUE,TRUE,0.64055621174702,TRUE,BEST1,0.299636507346193,0.0343831596656028,0.544530529407512,TRUE,TRUE,FALSE,0.579320987654321,TRUE,BEST1,0.112485149849524,0.000208342514777878,0.0469122786444217,TRUE,TRUE,TRUE,0.591923602840633,TRUE,FALSE,FALSE,FALSE,2,2,2,1,0,0.591923602840633,0.579320987654321,TRUE,TRUE,TRUE,TRUE,FALSE,FALSE,FALSE,stable_strict,other_or_unclassified,GSE63061|GSE85426|GSE140829,GSE63061|GSE85426|GSE140829
1207,CLNS1A,chloride nucleotide-sensitive channel 1A,398,ILMN_1736814,-0.206595049604391,0.206595049604391,0.000760588692476678,2.52259336187531e-05,AD_down,CLNS1A,-0.115925405256051,0.00135586519645079,0.0188016432409426,TRUE,TRUE,TRUE,0.635831633200902,TRUE,CLNS1A,-0.316582705555811,0.0176594432202633,0.489055859123257,TRUE,TRUE,FALSE,0.602901234567901,TRUE,CLNS1A,-0.0611085481940007,0.109010727745167,0.512584691646548,TRUE,FALSE,FALSE,0.539499801508535,TRUE,FALSE,FALSE,FALSE,2,2,1,0,0,0.602901234567901,0.539499801508535,TRUE,TRUE,TRUE,TRUE,FALSE,FALSE,FALSE,stable_strict,other_or_unclassified,GSE63061|GSE85426|GSE140829,GSE63061|GSE85426
6208,RPS14,ribosomal protein S14,413,ILMN_2338785,-0.222957810406957,0.222957810406957,0.00172417736749637,6.73977792523762e-05,AD_down,RPS14,-0.151866949330703,0.000350373687614432,0.00731313829747311,TRUE,TRUE,TRUE,0.623429614517341,TRUE,RPS14,-0.194589065140474,0.0899252589711298,0.621516783459861,TRUE,FALSE,FALSE,0.588765432098765,TRUE,RPS14,-0.0570691423730305,0.0337051511521498,0.355907695818638,TRUE,TRUE,FALSE,0.552335582903269,TRUE,FALSE,FALSE,FALSE,2,2,1,0,0,0.588765432098765,0.552335582903269,TRUE,TRUE,TRUE,TRUE,FALSE,FALSE,FALSE,stable_strict,ribosomal_translation,GSE63061|GSE85426|GSE140829,GSE63061|GSE140829
5210,PFKFB4,"6-phosphofructo-2-kinase/fructose-2,6-biphosphatase 4",417,ILMN_1653292,0.20012366174962,0.20012366174962,0.00197336005388575,7.87346047281277e-05,AD_up,PFKFB4,0.168898557724156,4.36150181577622e-05,0.00174220710578097,TRUE,TRUE,TRUE,0.649307419735853,TRUE,PFKFB4,0.0505444866824622,0.658325743587791,0.919556635618155,TRUE,FALSE,FALSE,0.517777777777778,TRUE,PFKFB4,0.0795940089391154,0.00883638633411292,0.220627448131797,TRUE,TRUE,FALSE,0.566979842089013,TRUE,FALSE,FALSE,FALSE,2,2,1,0,0,0.566979842089013,0.517777777777778,TRUE,TRUE,TRUE,TRUE,FALSE,FALSE,FALSE,stable_strict,other_or_unclassified,GSE63061|GSE85426|GSE140829,GSE63061|GSE140829
91662,NLRP12,NLR family pyrin domain containing 12,419,ILMN_1716105,0.2092599340805,0.2092599340805,0.00214888835056475,8.68594555353268e-05,AD_up,NLRP12,0.100973899649527,0.0219798041402597,0.126541391659834,TRUE,TRUE,FALSE,0.589391173628262,TRUE,NLRP12,0.0654013361105822,0.621461189212757,0.908916153582748,TRUE,FALSE,FALSE,0.541172839506173,TRUE,NLRP12,0.103848824432655,0.00598128105615248,0.190483546304203,TRUE,TRUE,FALSE,0.573463896608002,TRUE,FALSE,FALSE,FALSE,2,2,1,0,0,0.573463896608002,0.541172839506173,TRUE,TRUE,TRUE,TRUE,FALSE,FALSE,FALSE,stable_strict,immune_inflammatory,GSE63061|GSE85426|GSE140829,GSE63061|GSE140829
2357,FPR1,formyl peptide receptor 1,421,ILMN_2092118,0.2129706538811,0.2129706538811,0.00236069178673526,9.75767389538296e-05,AD_up,FPR1,0.171482715260866,0.00143411771407017,0.0194163065511359,TRUE,TRUE,TRUE,0.631268119832492,TRUE,FPR1,0.0522580194196901,0.803703276337364,0.956155769298344,TRUE,FALSE,FALSE,0.531913580246914,TRUE,FPR1,0.0758928165629399,0.0412304278992992,0.37860473913044,TRUE,TRUE,FALSE,0.550747651184333,TRUE,FALSE,FALSE,FALSE,2,2,1,0,0,0.550747651184333,0.531913580246914,TRUE,TRUE,TRUE,TRUE,FALSE,FALSE,FALSE,stable_strict,other_or_unclassified,GSE63061|GSE85426|GSE140829,GSE63061|GSE140829
168544,ZNF467,zinc finger protein 467,425,ILMN_1779015,0.207465738897329,0.207465738897329,0.0035411572473046,0.000160785282874328,AD_up,ZNF467,0.115197849476237,0.0189014306403063,0.11555680135931,TRUE,TRUE,FALSE,0.585794051326103,TRUE,ZNF467,0.111709454842902,0.426943702416506,0.845957777406741,TRUE,FALSE,FALSE,0.557592592592593,TRUE,ZNF467,0.102154254491055,0.00957876332069336,0.228597553246009,TRUE,TRUE,FALSE,0.570221869348507,TRUE,FALSE,FALSE,FALSE,2,2,1,0,0,0.570221869348507,0.557592592592593,TRUE,TRUE,TRUE,TRUE,FALSE,FALSE,FALSE,stable_strict,other_or_unclassified,GSE63061|GSE85426|GSE140829,GSE63061|GSE140829
8837,CFLAR,CASP8 and FADD like apoptosis regulator,443,ILMN_1789830,0.204991377586431,0.204991377586431,0.00714065942745921,0.00038962264137616,AD_up,CFLAR,0.218334965069493,2.8334976456677e-07,4.45303600588758e-05,TRUE,TRUE,TRUE,0.688553634704177,TRUE,CFLAR,0.318220772927255,0.00814147882808099,0.473253149798637,TRUE,TRUE,FALSE,0.611975308641975,TRUE,CFLAR,0.0670490804820402,0.0559739806313124,0.413568211109178,TRUE,FALSE,FALSE,0.527171276079573,TRUE,FALSE,FALSE,FALSE,2,2,1,0,0,0.611975308641975,0.527171276079573,TRUE,TRUE,TRUE,TRUE,FALSE,FALSE,FALSE,stable_strict,immune_inflammatory,GSE63061|GSE85426|GSE140829,GSE63061|GSE85426
6194,RPS6,ribosomal protein S6,444,ILMN_1808939,-0.256404831251058,0.256404831251058,0.00730472306371956,0.000401815046665645,AD_down,RPS6,-0.166063121772881,0.00030444996188518,0.00663088707747205,TRUE,TRUE,TRUE,0.627241490389778,TRUE,RPS6,-0.161338932558684,0.24225066775811,0.752178053435222,TRUE,FALSE,FALSE,0.552037037037037,TRUE,RPS6,-0.105896246355285,0.00474617147700413,0.176745566777623,TRUE,TRUE,FALSE,0.569868995633188,TRUE,FALSE,FALSE,FALSE,2,2,1,0,0,0.569868995633188,0.552037037037037,TRUE,TRUE,TRUE,TRUE,FALSE,FALSE,FALSE,stable_strict,ribosomal_translation,GSE63061|GSE85426|GSE140829,GSE63061|GSE140829
6556,SLC11A1,solute carrier family 11 member 1,450,ILMN_1741165,0.252560271387828,0.252560271387828,0.00915449018349148,0.00053079894545478,AD_up,SLC11A1,0.223177618095076,0.000116522435151181,0.00342307807788168,TRUE,TRUE,TRUE,0.648877912595297,TRUE,SLC11A1,0.0932237553718665,0.378570167039452,0.818760574821422,TRUE,FALSE,FALSE,0.538827160493827,TRUE,SLC11A1,0.0928230577486526,0.0241968387597082,0.316806724468258,TRUE,TRUE,FALSE,0.555423227912311,TRUE,FALSE,FALSE,FALSE,2,2,1,0,0,0.555423227912311,0.538827160493827,TRUE,TRUE,TRUE,TRUE,FALSE,FALSE,FALSE,stable_strict,other_or_unclassified,GSE63061|GSE85426|GSE140829,GSE63061|GSE140829
6155,RPL27,ribosomal protein L27,452,ILMN_1656807,-0.277420766169742,0.277420766169742,0.00968042889011298,0.000569377556450985,AD_down,RPL27,-0.2851657097488,0.000110116156921512,0.0033117485843374,TRUE,TRUE,TRUE,0.624073875228176,TRUE,RPL27,-0.345504527699455,0.0377948087880971,0.550990757158697,TRUE,TRUE,FALSE,0.61141975308642,TRUE,RPL27,-0.0843849805706824,0.114613753907407,0.520532136418861,TRUE,FALSE,FALSE,0.545476600061753,TRUE,FALSE,FALSE,FALSE,2,2,1,0,0,0.61141975308642,0.545476600061753,TRUE,TRUE,TRUE,TRUE,FALSE,FALSE,FALSE,stable_strict,ribosomal_translation,GSE63061|GSE85426|GSE140829,GSE63061|GSE85426
6222,RPS18,ribosomal protein S18,460,ILMN_1753534,-0.251143150924868,0.251143150924868,0.0151864693371034,0.0010073588292604,AD_down,RPS18,-0.17743140351307,0.00545402636180466,0.0495904949402885,TRUE,TRUE,TRUE,0.60995382798239,TRUE,RPS18,-0.201066510057402,0.114309675410613,0.653944726059126,TRUE,FALSE,FALSE,0.578395061728395,TRUE,RPS18,-0.132882100072747,0.0137452920428803,0.258856540682632,TRUE,TRUE,FALSE,0.572559657712496,TRUE,FALSE,FALSE,FALSE,2,2,1,0,0,0.578395061728395,0.572559657712496,TRUE,TRUE,TRUE,TRUE,FALSE,FALSE,FALSE,stable_strict,ribosomal_translation,GSE63061|GSE85426|GSE140829,GSE63061|GSE140829
4051,CYP4F3,cytochrome P450 family 4 subfamily F member 3,462,ILMN_1736190,0.248707763066704,0.248707763066704,0.0176189175091536,0.00121652460020929,AD_up,CYP4F3,0.159657623247338,0.00994284002474165,0.0742701424028932,TRUE,TRUE,FALSE,0.596102222699452,TRUE,CYP4F3,0.29588382175348,0.118440619307265,0.655835713941229,TRUE,FALSE,FALSE,0.581049382716049,TRUE,CYP4F3,0.102344976216016,0.0406779227074098,0.377915116789933,TRUE,TRUE,FALSE,0.554629262052843,TRUE,FALSE,FALSE,FALSE,2,2,1,0,0,0.581049382716049,0.554629262052843,TRUE,TRUE,TRUE,TRUE,FALSE,FALSE,FALSE,stable_strict,other_or_unclassified,GSE63061|GSE85426|GSE140829,GSE63061|GSE140829
290,ANPEP,"alanyl aminopeptidase, membrane",467,ILMN_1763837,0.22651880880428,0.22651880880428,0.0197326119409631,0.00141189974276188,AD_up,ANPEP,0.141347383648446,0.0051130498398645,0.0473769878225595,TRUE,TRUE,TRUE,0.595726403951466,TRUE,ANPEP,0.109886458480772,0.469956946427633,0.856900215226004,TRUE,FALSE,FALSE,0.527037037037037,TRUE,ANPEP,0.149539022692637,0.00176668982430158,0.124068931184122,TRUE,TRUE,FALSE,0.588372811080235,TRUE,FALSE,FALSE,FALSE,2,2,1,0,0,0.588372811080235,0.527037037037037,TRUE,TRUE,TRUE,TRUE,FALSE,FALSE,FALSE,stable_strict,other_or_unclassified,GSE63061|GSE85426|GSE140829,GSE63061|GSE140829
11237,RNF24,ring finger protein 24,471,ILMN_1717809,0.204184592771483,0.204184592771483,0.0259323036861153,0.00198745305375817,AD_up,RNF24,0.170615449486441,0.000852255316919281,0.013938442092051,TRUE,TRUE,TRUE,0.627832062708043,TRUE,RNF24,0.0851601789135447,0.43778489716765,0.848080139597873,TRUE,FALSE,FALSE,0.535987654320988,TRUE,RNF24,0.104176624629371,0.0150657893973582,0.269414737243362,TRUE,TRUE,FALSE,0.566075603193507,TRUE,FALSE,FALSE,FALSE,2,2,1,0,0,0.566075603193507,0.535987654320988,TRUE,TRUE,TRUE,TRUE,FALSE,FALSE,FALSE,stable_strict,other_or_unclassified,GSE63061|GSE85426|GSE140829,GSE63061|GSE140829
8291,DYSF,dysferlin,472,ILMN_1810420,0.236147208114743,0.236147208114743,0.0272679901689216,0.00212326294723819,AD_up,DYSF,0.233910365744283,0.000566476730298841,0.0104255131879339,TRUE,TRUE,TRUE,0.631214431439923,TRUE,DYSF,0.172868800679093,0.280362018519064,0.770834587788446,TRUE,FALSE,FALSE,0.547222222222222,TRUE,DYSF,0.178433458260686,0.00116164300617829,0.103173259665402,TRUE,TRUE,FALSE,0.590357725728905,TRUE,FALSE,FALSE,FALSE,2,2,1,0,0,0.590357725728905,0.547222222222222,TRUE,TRUE,TRUE,TRUE,FALSE,FALSE,FALSE,stable_strict,other_or_unclassified,GSE63061|GSE85426|GSE140829,GSE63061|GSE140829
83716,CRISPLD2,cysteine rich secretory protein LCCL domain containing 2,473,ILMN_1790689,0.222239431408083,0.222239431408083,0.0342807215687625,0.00282228684696639,AD_up,CRISPLD2,0.22954351726602,0.000128803057031291,0.00372020361119206,TRUE,TRUE,TRUE,0.629066895737142,TRUE,CRISPLD2,0.331718292386321,0.0404035352644087,0.555845932033816,TRUE,TRUE,FALSE,0.574506172839506,TRUE,CRISPLD2,0.171491868761839,0.00105543083125165,0.0988294579447509,TRUE,TRUE,FALSE,0.582528340170262,TRUE,FALSE,FALSE,FALSE,2,2,2,0,0,0.582528340170262,0.574506172839506,TRUE,TRUE,TRUE,TRUE,FALSE,FALSE,FALSE,stable_strict,immune_inflammatory,GSE63061|GSE85426|GSE140829,GSE63061|GSE85426|GSE140829
